Temp Num, Object(℃), Ambient(℃)
0, nan, 32.425
1, 32.687, 32.432
2, 32.687, 32.439
3, 32.681, 32.446
4, 32.681, 32.454
5, 32.734, 32.461
6, 32.737, 32.468
7, 32.730, 32.483
8, 32.740, 32.490
9, 32.774, 32.497
10, 32.764, 32.497
11, 32.764, 32.504
12, 32.787, 32.512
13, 32.777, 32.519
14, 32.780, 32.526
15, 32.770, 32.533
16, 32.774, 32.540
17, 32.787, 32.548
18, 32.797, 32.555
19, 32.810, 32.562
20, 32.800, 32.569
21, 32.823, 32.584
22, 32.847, 32.591
23, 32.827, 32.598
24, 32.840, 32.605
25, 32.840, 32.613
26, 32.870, 32.613
27, 32.920, 32.613
28, 32.913, 32.620
29, 32.926, 32.627
30, 32.936, 32.634
31, 32.950, 32.649
32, 32.953, 32.656
33, 32.963, 32.663
34, 32.996, 32.671
35, 32.966, 32.678
36, 32.959, 32.685
37, 32.993, 32.699
38, 33.022, 32.707
39, 33.036, 32.714
40, 33.019, 32.721
41, 33.009, 32.728
42, 33.012, 32.736
43, 33.022, 32.743
44, 33.056, 32.750
45, 33.026, 32.757
46, 33.026, 32.757
47, 33.069, 32.764
48, 33.079, 32.772
49, 33.092, 32.779
50, 33.102, 32.786
51, 33.115, 32.793
52, 33.109, 32.801
53, 33.129, 32.808
54, 33.152, 32.815
55, 33.152, 32.822
56, 33.165, 32.830
57, 33.145, 32.837
58, 33.135, 32.837
59, 33.158, 32.844
60, 33.158, 32.851
61, 33.172, 32.858
62, 33.192, 32.866
63, 33.195, 32.873
64, 33.188, 32.880
65, 33.188, 32.887
66, 33.221, 32.895
67, 33.211, 32.902
68, 33.192, 32.902
69, 33.205, 32.909
70, 33.195, 32.916
71, 33.218, 32.923
72, 33.218, 32.931
73, 33.261, 32.938
74, 33.261, 32.945
75, 33.245, 32.952
76, 33.288, 32.960
77, 33.278, 32.967
78, 33.258, 32.967
79, 33.291, 32.974
80, 33.301, 32.981
81, 33.304, 32.988
82, 33.284, 32.996
83, 33.308, 33.003
84, 33.347, 33.010
85, 33.351, 33.017
86, 33.341, 33.025
87, 33.351, 33.025
88, 33.351, 33.025
89, 33.354, 33.039
90, 33.357, 33.046
91, 33.400, 33.054
92, 33.410, 33.061
93, 33.381, 33.061
94, 33.374, 33.068
95, 33.384, 33.075
96, 33.374, 33.075
97, 33.387, 33.082
98, 33.397, 33.090
99, 33.410, 33.097
100, 33.410, 33.104
101, 33.434, 33.111
102, 33.424, 33.111
103, 33.434, 33.119
104, 33.477, 33.126
105, 33.460, 33.133
106, 33.430, 33.140
107, 33.454, 33.147
108, 33.493, 33.147
109, 33.503, 33.155
110, 33.487, 33.162
111, 33.457, 33.162
112, 33.467, 33.169
113, 33.500, 33.176
114, 33.480, 33.176
115, 33.480, 33.184
116, 33.503, 33.191
117, 33.523, 33.198
118, 33.526, 33.205
119, 33.530, 33.213
120, 33.520, 33.220
121, 33.543, 33.227
122, 33.543, 33.227
123, 33.523, 33.227
124, 33.553, 33.234
125, 33.566, 33.241
126, 33.566, 33.241
127, 33.586, 33.241
128, 33.576, 33.241
129, 33.616, 33.249
130, 33.639, 33.256
131, 33.609, 33.263
132, 33.622, 33.270
133, 33.632, 33.278
134, 33.646, 33.285
135, 33.659, 33.292
136, 33.659, 33.292
137, 33.649, 33.299
138, 33.623, 33.306
139, 33.613, 33.306
140, 33.623, 33.306
141, 33.652, 33.314
142, 33.695, 33.321
143, 33.695, 33.321
144, 33.676, 33.328
145, 33.679, 33.343
146, 33.689, 33.343
147, 33.679, 33.343
148, 33.702, 33.350
149, 33.725, 33.364
150, 33.686, 33.364
151, 33.672, 33.357
152, 33.715, 33.364
153, 33.709, 33.379
154, 33.742, 33.386
155, 33.772, 33.393
156, 33.762, 33.393
157, 33.752, 33.393
158, 33.765, 33.400
159, 33.755, 33.408
160, 33.745, 33.408
161, 33.755, 33.408
162, 33.778, 33.415
163, 33.778, 33.422
164, 33.768, 33.422
165, 33.772, 33.429
166, 33.782, 33.437
167, 33.785, 33.444
168, 33.795, 33.451
169, 33.818, 33.458
170, 33.769, 33.458
171, 33.769, 33.458
172, 33.851, 33.465
173, 33.851, 33.473
174, 33.835, 33.480
175, 33.835, 33.487
176, 33.845, 33.487
177, 33.848, 33.494
178, 33.838, 33.502
179, 33.848, 33.502
180, 33.838, 33.502
181, 33.818, 33.502
182, 33.841, 33.509
183, 33.861, 33.516
184, 33.861, 33.516
185, 33.855, 33.523
186, 33.845, 33.530
187, 33.868, 33.538
188, 33.881, 33.545
189, 33.871, 33.545
190, 33.881, 33.545
191, 33.901, 33.552
192, 33.901, 33.552
193, 33.914, 33.559
194, 33.904, 33.567
195, 33.888, 33.574
196, 33.888, 33.581
197, 33.898, 33.581
198, 33.918, 33.581
199, 33.941, 33.588
200, 33.951, 33.596
201, 33.941, 33.596
202, 33.951, 33.596
203, 33.964, 33.603
204, 33.934, 33.610
205, 33.947, 33.617
206, 33.957, 33.617
207, 33.967, 33.617
208, 33.990, 33.624
209, 33.980, 33.632
210, 33.980, 33.632
211, 33.984, 33.639
212, 33.984, 33.646
213, 34.017, 33.653
214, 34.017, 33.653
215, 33.977, 33.653
216, 33.987, 33.661
217, 34.030, 33.668
218, 34.030, 33.668
219, 34.020, 33.668
220, 34.001, 33.675
221, 34.024, 33.682
222, 34.024, 33.682
223, 34.014, 33.689
224, 34.037, 33.697
225, 34.037, 33.697
226, 34.037, 33.697
227, 34.067, 33.704
228, 34.070, 33.711
229, 34.050, 33.711
230, 34.060, 33.711
231, 34.063, 33.718
232, 34.054, 33.726
233, 34.067, 33.733
234, 34.087, 33.740
235, 34.096, 33.740
236, 34.087, 33.740
237, 34.106, 33.740
238, 34.106, 33.740
239, 34.080, 33.747
240, 34.090, 33.754
241, 34.103, 33.762
242, 34.074, 33.769
243, 34.097, 33.776
244, 34.126, 33.776
245, 34.107, 33.783
246, 34.107, 33.783
247, 34.136, 33.783
248, 34.149, 33.791
249, 34.163, 33.798
250, 34.153, 33.798
251, 34.123, 33.798
252, 34.113, 33.805
253, 34.156, 33.812
254, 34.186, 33.812
255, 34.176, 33.819
256, 34.150, 33.827
257, 34.160, 33.827
258, 34.160, 33.827
259, 34.160, 33.834
260, 34.173, 33.841
261, 34.183, 33.848
262, 34.193, 33.848
263, 34.173, 33.848
264, 34.186, 33.856
265, 34.196, 33.863
266, 34.216, 33.863
267, 34.216, 33.863
268, 34.219, 33.870
269, 34.262, 33.877
270, 34.272, 33.885
271, 34.256, 33.892
272, 34.216, 33.892
273, 34.206, 33.892
274, 34.236, 33.892
275, 34.226, 33.899
276, 34.249, 33.906
277, 34.269, 33.906
278, 34.229, 33.906
279, 34.229, 33.906
280, 34.279, 33.913
281, 34.272, 33.921
282, 34.243, 33.921
283, 34.262, 33.928
284, 34.276, 33.935
285, 34.276, 33.935
286, 34.276, 33.935
287, 34.285, 33.942
288, 34.299, 33.950
289, 34.328, 33.957
290, 34.325, 33.942
291, 34.295, 33.942
292, 34.296, 33.971
293, 34.256, 33.978
294, 34.250, 33.986
295, 34.230, 33.993
296, 34.243, 34.000
297, 34.214, 34.007
298, 34.194, 34.007
299, 34.224, 34.007
300, 34.237, 34.015
301, 34.247, 34.022
302, 34.247, 34.022
303, 34.207, 34.022
304, 34.211, 34.029
305, 34.221, 34.036
306, 34.240, 34.036
307, 34.264, 34.044
308, 34.267, 34.051
309, 34.257, 34.051
310, 34.244, 34.044
311, 34.293, 34.044
312, 34.339, 34.029
313, 34.339, 34.029
314, 34.346, 34.051
315, 34.346, 34.058
316, 34.359, 34.065
317, 34.359, 34.072
318, 34.349, 34.072
319, 34.372, 34.080
320, 34.362, 34.080
321, 34.343, 34.080
322, 34.333, 34.087
323, 34.323, 34.087
324, 34.307, 34.094
325, 34.300, 34.109
326, 34.300, 34.116
327, 34.333, 34.123
328, 34.323, 34.123
329, 34.314, 34.123
330, 34.347, 34.130
331, 34.366, 34.137
332, 34.366, 34.137
333, 34.356, 34.137
334, 34.350, 34.145
335, 34.330, 34.152
336, 34.350, 34.152
337, 34.380, 34.152
338, 34.380, 34.152
339, 34.383, 34.159
340, 34.363, 34.166
341, 34.363, 34.166
342, 34.353, 34.166
343, 34.367, 34.174
344, 34.357, 34.181
345, 34.377, 34.181
346, 34.396, 34.181
347, 34.429, 34.188
348, 34.439, 34.195
349, 34.419, 34.195
350, 34.400, 34.195
351, 34.423, 34.202
352, 34.446, 34.210
353, 34.446, 34.210
354, 34.446, 34.210
355, 34.426, 34.217
356, 34.426, 34.217
357, 34.430, 34.224
358, 34.430, 34.231
359, 34.449, 34.231
360, 34.440, 34.231
361, 34.453, 34.239
362, 34.472, 34.246
363, 34.476, 34.253
364, 34.446, 34.253
365, 34.456, 34.253
366, 34.476, 34.260
367, 34.456, 34.260
368, 34.456, 34.260
369, 34.489, 34.267
370, 34.470, 34.275
371, 34.460, 34.275
372, 34.479, 34.275
373, 34.483, 34.282
374, 34.473, 34.282
375, 34.493, 34.282
376, 34.493, 34.289
377, 34.473, 34.289
378, 34.453, 34.289
379, 34.486, 34.296
380, 34.526, 34.296
381, 34.559, 34.304
382, 34.529, 34.311
383, 34.509, 34.311
384, 34.529, 34.311
385, 34.532, 34.318
386, 34.542, 34.325
387, 34.542, 34.325
388, 34.532, 34.325
389, 34.556, 34.333
390, 34.556, 34.333
391, 34.546, 34.333
392, 34.546, 34.340
393, 34.549, 34.347
394, 34.539, 34.347
395, 34.559, 34.347
396, 34.579, 34.347
397, 34.549, 34.354
398, 34.553, 34.361
399, 34.562, 34.361
400, 34.592, 34.361
401, 34.592, 34.369
402, 34.576, 34.376
403, 34.586, 34.376
404, 34.586, 34.376
405, 34.589, 34.383
406, 34.609, 34.383
407, 34.618, 34.383
408, 34.638, 34.390
409, 34.628, 34.390
410, 34.609, 34.390
411, 34.622, 34.398
412, 34.612, 34.405
413, 34.606, 34.412
414, 34.625, 34.412
415, 34.635, 34.412
416, 34.625, 34.412
417, 34.625, 34.412
418, 34.645, 34.419
419, 34.645, 34.419
420, 34.616, 34.419
421, 34.619, 34.426
422, 34.639, 34.426
423, 34.648, 34.426
424, 34.648, 34.434
425, 34.662, 34.441
426, 34.672, 34.441
427, 34.672, 34.441
428, 34.642, 34.441
429, 34.652, 34.448
430, 34.675, 34.455
431, 34.685, 34.455
432, 34.685, 34.455
433, 34.698, 34.463
434, 34.698, 34.463
435, 34.688, 34.463
436, 34.678, 34.470
437, 34.659, 34.470
438, 34.678, 34.470
439, 34.692, 34.477
440, 34.692, 34.477
441, 34.702, 34.477
442, 34.711, 34.484
443, 34.702, 34.484
444, 34.672, 34.484
445, 34.695, 34.491
446, 34.715, 34.491
447, 34.715, 34.491
448, 34.685, 34.499
449, 34.709, 34.506
450, 34.738, 34.506
451, 34.728, 34.506
452, 34.718, 34.506
453, 34.718, 34.513
454, 34.751, 34.520
455, 34.771, 34.520
456, 34.741, 34.520
457, 34.722, 34.528
458, 34.732, 34.528
459, 34.741, 34.528
460, 34.755, 34.535
461, 34.745, 34.535
462, 34.735, 34.535
463, 34.725, 34.542
464, 34.706, 34.542
465, 34.729, 34.549
466, 34.771, 34.556
467, 34.781, 34.556
468, 34.771, 34.556
469, 34.781, 34.564
470, 34.811, 34.564
471, 34.811, 34.564
472, 34.795, 34.571
473, 34.785, 34.571
474, 34.814, 34.571
475, 34.834, 34.571
476, 34.824, 34.571
477, 34.863, 34.571
478, 34.863, 34.571
479, 34.844, 34.578
480, 34.857, 34.585
481, 34.827, 34.585
482, 34.837, 34.585
483, 34.837, 34.585
484, 34.837, 34.585
485, 34.867, 34.593
486, 34.876, 34.593
487, 34.867, 34.593
488, 34.857, 34.593
489, 34.867, 34.593
490, 34.886, 34.593
491, 34.876, 34.593
492, 34.880, 34.600
493, 34.890, 34.607
494, 34.880, 34.607
495, 34.890, 34.607
496, 34.890, 34.607
497, 34.880, 34.607
498, 34.890, 34.607
499, 34.913, 34.614
500, 34.903, 34.621
501, 34.913, 34.621
502, 34.913, 34.621
503, 34.906, 34.629
504, 34.897, 34.629
505, 34.877, 34.629
506, 34.906, 34.629
507, 34.949, 34.636
508, 34.939, 34.643
509, 34.939, 34.643
510, 34.969, 34.643
511, 34.969, 34.643
512, 34.969, 34.643
513, 34.962, 34.650
514, 34.933, 34.658
515, 34.933, 34.658
516, 34.972, 34.658
517, 34.982, 34.658
518, 34.943, 34.658
519, 34.936, 34.665
520, 34.966, 34.665
521, 34.985, 34.665
522, 34.956, 34.672
523, 34.969, 34.679
524, 34.969, 34.679
525, 34.979, 34.679
526, 34.999, 34.679
527, 34.969, 34.679
528, 34.979, 34.679
529, 34.999, 34.679
530, 34.979, 34.679
531, 34.989, 34.679
532, 34.999, 34.687
533, 34.983, 34.694
534, 35.002, 34.694
535, 35.022, 34.694
536, 35.022, 34.694
537, 35.031, 34.701
538, 35.022, 34.701
539, 35.012, 34.701
540, 34.996, 34.708
541, 34.986, 34.708
542, 35.006, 34.708
543, 35.015, 34.708
544, 35.015, 34.708
545, 35.038, 34.715
546, 35.019, 34.715
547, 34.999, 34.715
548, 35.038, 34.723
549, 35.071, 34.730
550, 35.042, 34.730
551, 35.042, 34.730
552, 35.052, 34.730
553, 35.032, 34.730
554, 35.042, 34.730
555, 35.022, 34.737
556, 35.036, 34.744
557, 35.055, 34.744
558, 35.065, 34.744
559, 35.055, 34.744
560, 35.055, 34.744
561, 35.055, 34.744
562, 35.036, 34.752
563, 35.068, 34.759
564, 35.078, 34.759
565, 35.049, 34.766
566, 35.078, 34.766
567, 35.098, 34.766
568, 35.108, 34.766
569, 35.088, 34.766
570, 35.078, 34.766
571, 35.101, 34.773
572, 35.082, 34.780
573, 35.091, 34.773
574, 35.082, 34.773
575, 35.082, 34.780
576, 35.082, 34.780
577, 35.072, 34.780
578, 35.095, 34.788
579, 35.095, 34.788
580, 35.085, 34.788
581, 35.095, 34.795
582, 35.115, 34.795
583, 35.105, 34.795
584, 35.105, 34.795
585, 35.115, 34.795
586, 35.095, 34.795
587, 35.118, 34.802
588, 35.161, 34.809
589, 35.138, 34.802
590, 35.108, 34.802
591, 35.131, 34.809
592, 35.141, 34.809
593, 35.131, 34.816
594, 35.131, 34.816
595, 35.122, 34.816
596, 35.125, 34.824
597, 35.125, 34.824
598, 35.145, 34.824
599, 35.154, 34.831
600, 35.145, 34.831
601, 35.125, 34.831
602, 35.096, 34.831
603, 35.125, 34.831
604, 35.168, 34.838
605, 35.158, 34.838
606, 35.168, 34.838
607, 35.168, 34.845
608, 35.138, 34.845
609, 35.138, 34.845
610, 35.148, 34.845
611, 35.168, 34.845
612, 35.177, 34.845
613, 35.181, 34.852
614, 35.171, 34.860
615, 35.191, 34.860
616, 35.191, 34.860
617, 35.181, 34.860
618, 35.191, 34.860
619, 35.191, 34.860
620, 35.191, 34.860
621, 35.191, 34.860
622, 35.194, 34.867
623, 35.198, 34.881
624, 35.198, 34.881
625, 35.207, 34.881
626, 35.207, 34.881
627, 35.178, 34.881
628, 35.198, 34.881
629, 35.237, 34.881
630, 35.221, 34.889
631, 35.211, 34.896
632, 35.240, 34.896
633, 35.240, 34.896
634, 35.211, 34.896
635, 35.201, 34.896
636, 35.211, 34.896
637, 35.214, 34.903
638, 35.214, 34.903
639, 35.234, 34.903
640, 35.224, 34.910
641, 35.224, 34.910
642, 35.234, 34.910
643, 35.244, 34.910
644, 35.253, 34.910
645, 35.276, 34.917
646, 35.257, 34.925
647, 35.237, 34.925
648, 35.237, 34.925
649, 35.228, 34.925
650, 35.228, 34.925
651, 35.260, 34.932
652, 35.290, 34.932
653, 35.280, 34.932
654, 35.260, 34.932
655, 35.251, 34.932
656, 35.231, 34.939
657, 35.260, 34.939
658, 35.290, 34.939
659, 35.280, 34.939
660, 35.280, 34.939
661, 35.293, 34.946
662, 35.274, 34.946
663, 35.283, 34.946
664, 35.283, 34.954
665, 35.277, 34.961
666, 35.277, 34.961
667, 35.306, 34.961
668, 35.316, 34.961
669, 35.267, 34.961
670, 35.287, 34.961
671, 35.306, 34.961
672, 35.297, 34.961
673, 35.300, 34.968
674, 35.300, 34.975
675, 35.290, 34.975
676, 35.290, 34.975
677, 35.310, 34.975
678, 35.300, 34.975
679, 35.310, 34.975
680, 35.320, 34.975
681, 35.313, 34.982
682, 35.294, 34.982
683, 35.304, 34.982
684, 35.313, 34.990
685, 35.346, 34.997
686, 35.337, 34.997
687, 35.307, 34.997
688, 35.307, 34.997
689, 35.346, 34.997
690, 35.356, 34.997
691, 35.337, 34.997
692, 35.288, 35.004
693, 35.288, 35.004
694, 35.337, 35.004
695, 35.340, 35.011
696, 35.340, 35.011
697, 35.360, 35.011
698, 35.360, 35.011
699, 35.369, 35.011
700, 35.369, 35.019
701, 35.340, 35.019
702, 35.350, 35.019
703, 35.383, 35.026
704, 35.353, 35.026
705, 35.363, 35.026
706, 35.373, 35.026
707, 35.344, 35.026
708, 35.344, 35.026
709, 35.334, 35.026
710, 35.344, 35.033
711, 35.386, 35.040
712, 35.367, 35.040
713, 35.347, 35.040
714, 35.376, 35.040
715, 35.357, 35.040
716, 35.376, 35.040
717, 35.386, 35.047
718, 35.370, 35.055
719, 35.370, 35.055
720, 35.399, 35.055
721, 35.409, 35.055
722, 35.380, 35.055
723, 35.393, 35.062
724, 35.403, 35.062
725, 35.403, 35.062
726, 35.393, 35.069
727, 35.403, 35.069
728, 35.393, 35.069
729, 35.364, 35.069
730, 35.374, 35.069
731, 35.406, 35.076
732, 35.416, 35.076
733, 35.426, 35.076
734, 35.426, 35.084
735, 35.429, 35.091
736, 35.420, 35.091
737, 35.410, 35.091
738, 35.439, 35.091
739, 35.449, 35.091
740, 35.439, 35.091
741, 35.429, 35.091
742, 35.410, 35.091
743, 35.400, 35.098
744, 35.433, 35.105
745, 35.462, 35.105
746, 35.472, 35.105
747, 35.443, 35.105
748, 35.423, 35.105
749, 35.443, 35.105
750, 35.452, 35.105
751, 35.452, 35.105
752, 35.433, 35.105
753, 35.433, 35.112
754, 35.436, 35.120
755, 35.446, 35.127
756, 35.456, 35.127
757, 35.436, 35.127
758, 35.456, 35.127
759, 35.485, 35.120
760, 35.466, 35.120
761, 35.436, 35.127
762, 35.459, 35.134
763, 35.489, 35.134
764, 35.479, 35.134
765, 35.482, 35.141
766, 35.482, 35.141
767, 35.469, 35.134
768, 35.459, 35.134
769, 35.473, 35.141
770, 35.492, 35.141
771, 35.482, 35.149
772, 35.496, 35.156
773, 35.486, 35.156
774, 35.466, 35.156
775, 35.496, 35.156
776, 35.515, 35.156
777, 35.496, 35.156
778, 35.476, 35.156
779, 35.496, 35.156
780, 35.505, 35.156
781, 35.486, 35.156
782, 35.496, 35.163
783, 35.505, 35.163
784, 35.496, 35.163
785, 35.528, 35.170
786, 35.538, 35.170
787, 35.528, 35.170
788, 35.528, 35.170
789, 35.519, 35.170
790, 35.519, 35.178
791, 35.489, 35.178
792, 35.470, 35.178
793, 35.512, 35.185
794, 35.522, 35.185
795, 35.503, 35.185
796, 35.512, 35.185
797, 35.532, 35.185
798, 35.522, 35.185
799, 35.503, 35.192
800, 35.503, 35.192
801, 35.532, 35.192
802, 35.545, 35.199
803, 35.545, 35.206
804, 35.535, 35.206
805, 35.526, 35.199
806, 35.555, 35.199
807, 35.555, 35.206
808, 35.545, 35.206
809, 35.545, 35.206
810, 35.535, 35.206
811, 35.539, 35.214
812, 35.552, 35.221
813, 35.539, 35.214
814, 35.558, 35.214
815, 35.591, 35.221
816, 35.562, 35.221
817, 35.533, 35.221
818, 35.552, 35.221
819, 35.542, 35.221
820, 35.542, 35.221
821, 35.533, 35.228
822, 35.526, 35.235
823, 35.546, 35.235
824, 35.575, 35.235
825, 35.585, 35.235
826, 35.595, 35.235
827, 35.565, 35.235
828, 35.546, 35.235
829, 35.565, 35.242
830, 35.565, 35.242
831, 35.565, 35.242
832, 35.579, 35.250
833, 35.579, 35.250
834, 35.588, 35.250
835, 35.598, 35.257
836, 35.588, 35.257
837, 35.579, 35.250
838, 35.569, 35.250
839, 35.579, 35.257
840, 35.569, 35.257
841, 35.569, 35.257
842, 35.598, 35.257
843, 35.588, 35.257
844, 35.592, 35.264
845, 35.592, 35.264
846, 35.602, 35.264
847, 35.611, 35.264
848, 35.621, 35.264
849, 35.611, 35.264
850, 35.611, 35.264
851, 35.602, 35.271
852, 35.582, 35.271
853, 35.573, 35.271
854, 35.596, 35.279
855, 35.615, 35.286
856, 35.615, 35.286
857, 35.596, 35.279
858, 35.605, 35.279
859, 35.596, 35.286
860, 35.605, 35.286
861, 35.615, 35.286
862, 35.596, 35.286
863, 35.596, 35.286
864, 35.638, 35.293
865, 35.648, 35.293
866, 35.638, 35.293
867, 35.671, 35.300
868, 35.661, 35.300
869, 35.619, 35.293
870, 35.619, 35.293
871, 35.622, 35.300
872, 35.642, 35.300
873, 35.642, 35.300
874, 35.622, 35.300
875, 35.661, 35.300
876, 35.651, 35.308
877, 35.616, 35.315
878, 35.635, 35.315
879, 35.684, 35.315
880, 35.684, 35.315
881, 35.665, 35.315
882, 35.684, 35.315
883, 35.694, 35.322
884, 35.684, 35.322
885, 35.684, 35.322
886, 35.655, 35.322
887, 35.665, 35.322
888, 35.674, 35.322
889, 35.665, 35.322
890, 35.678, 35.329
891, 35.688, 35.336
892, 35.678, 35.336
893, 35.678, 35.336
894, 35.678, 35.336
895, 35.688, 35.329
896, 35.678, 35.329
897, 35.678, 35.336
898, 35.668, 35.336
899, 35.658, 35.336
900, 35.649, 35.336
901, 35.652, 35.344
902, 35.681, 35.351
903, 35.691, 35.344
904, 35.652, 35.344
905, 35.662, 35.344
906, 35.672, 35.344
907, 35.672, 35.351
908, 35.681, 35.351
909, 35.672, 35.351
910, 35.681, 35.351
911, 35.704, 35.358
912, 35.704, 35.358
913, 35.701, 35.351
914, 35.701, 35.351
915, 35.714, 35.358
916, 35.733, 35.365
917, 35.743, 35.365
918, 35.724, 35.365
919, 35.685, 35.365
920, 35.695, 35.365
921, 35.724, 35.365
922, 35.704, 35.365
923, 35.727, 35.372
924, 35.737, 35.372
925, 35.737, 35.372
926, 35.718, 35.372
927, 35.695, 35.365
928, 35.727, 35.373
929, 35.727, 35.380
930, 35.698, 35.380
931, 35.679, 35.380
932, 35.708, 35.380
933, 35.727, 35.380
934, 35.737, 35.380
935, 35.727, 35.380
936, 35.718, 35.380
937, 35.731, 35.387
938, 35.731, 35.387
939, 35.750, 35.387
940, 35.760, 35.387
941, 35.750, 35.387
942, 35.760, 35.387
943, 35.783, 35.394
944, 35.773, 35.401
945, 35.764, 35.401
946, 35.734, 35.401
947, 35.738, 35.409
948, 35.728, 35.409
949, 35.734, 35.401
950, 35.764, 35.401
951, 35.744, 35.401
952, 35.734, 35.401
953, 35.725, 35.401
954, 35.725, 35.401
955, 35.757, 35.409
956, 35.767, 35.409
957, 35.738, 35.409
958, 35.718, 35.416
959, 35.728, 35.416
960, 35.738, 35.416
961, 35.761, 35.423
962, 35.780, 35.423
963, 35.771, 35.423
964, 35.761, 35.423
965, 35.771, 35.423
966, 35.761, 35.423
967, 35.751, 35.423
968, 35.790, 35.430
969, 35.813, 35.437
970, 35.803, 35.437
971, 35.771, 35.430
972, 35.751, 35.430
973, 35.774, 35.437
974, 35.794, 35.437
975, 35.784, 35.437
976, 35.794, 35.437
977, 35.803, 35.437
978, 35.803, 35.437
979, 35.794, 35.437
980, 35.784, 35.437
981, 35.784, 35.437
982, 35.764, 35.445
983, 35.787, 35.452
984, 35.807, 35.452
985, 35.778, 35.452
986, 35.758, 35.452
987, 35.768, 35.452
988, 35.787, 35.452
989, 35.797, 35.452
990, 35.807, 35.452
991, 35.797, 35.459
992, 35.778, 35.459
993, 35.787, 35.459
994, 35.810, 35.466
995, 35.797, 35.459
996, 35.787, 35.459
997, 35.771, 35.466
998, 35.781, 35.466
999, 35.801, 35.466
1000, 35.801, 35.466
1001, 35.791, 35.466
1002, 35.781, 35.466
1003, 35.833, 35.474
1004, 35.833, 35.474
1005, 35.814, 35.474
1006, 35.824, 35.474
1007, 35.814, 35.474
1008, 35.824, 35.474
1009, 35.843, 35.474
1010, 35.843, 35.481
1011, 35.843, 35.481
1012, 35.843, 35.481
1013, 35.866, 35.488
1014, 35.876, 35.488
1015, 35.856, 35.488
1016, 35.837, 35.488
1017, 35.847, 35.488
1018, 35.847, 35.488
1019, 35.827, 35.488
1020, 35.837, 35.488
1021, 35.856, 35.488
1022, 35.847, 35.488
1023, 35.827, 35.488
1024, 35.837, 35.495
1025, 35.860, 35.502
1026, 35.840, 35.502
1027, 35.831, 35.502
1028, 35.821, 35.502
1029, 35.821, 35.502
1030, 35.831, 35.502
1031, 35.840, 35.510
1032, 35.831, 35.510
1033, 35.840, 35.502
1034, 35.860, 35.502
1035, 35.860, 35.510
1036, 35.850, 35.510
1037, 35.860, 35.510
1038, 35.863, 35.517
1039, 35.854, 35.517
1040, 35.863, 35.517
1041, 35.834, 35.517
1042, 35.825, 35.517
1043, 35.863, 35.517
1044, 35.873, 35.517
1045, 35.854, 35.517
1046, 35.844, 35.517
1047, 35.854, 35.524
1048, 35.863, 35.524
1049, 35.893, 35.524
1050, 35.902, 35.524
1051, 35.873, 35.524
1052, 35.848, 35.531
1053, 35.848, 35.531
1054, 35.873, 35.524
1055, 35.883, 35.524
1056, 35.916, 35.531
1057, 35.896, 35.531
1058, 35.857, 35.531
1059, 35.877, 35.539
1060, 35.906, 35.539
1061, 35.896, 35.539
1062, 35.906, 35.539
1063, 35.925, 35.539
1064, 35.896, 35.539
1065, 35.886, 35.539
1066, 35.857, 35.539
1067, 35.867, 35.539
1068, 35.877, 35.539
1069, 35.890, 35.546
1070, 35.903, 35.553
1071, 35.903, 35.553
1072, 35.913, 35.553
1073, 35.932, 35.553
1074, 35.932, 35.553
1075, 35.932, 35.553
1076, 35.923, 35.553
1077, 35.913, 35.553
1078, 35.913, 35.553
1079, 35.923, 35.560
1080, 35.913, 35.560
1081, 35.923, 35.553
1082, 35.932, 35.553
1083, 35.913, 35.553
1084, 35.913, 35.553
1085, 35.913, 35.553
1086, 35.942, 35.553
1087, 35.923, 35.553
1088, 35.903, 35.560
1089, 35.936, 35.567
1090, 35.926, 35.567
1091, 35.926, 35.567
1092, 35.916, 35.567
1093, 35.887, 35.567
1094, 35.897, 35.567
1095, 35.878, 35.575
1096, 35.858, 35.575
1097, 35.897, 35.575
1098, 35.916, 35.575
1099, 35.936, 35.575
1100, 35.916, 35.575
1101, 35.897, 35.575
1102, 35.930, 35.582
1103, 35.930, 35.582
1104, 35.930, 35.582
1105, 35.930, 35.582
1106, 35.930, 35.582
1107, 35.901, 35.582
1108, 35.881, 35.582
1109, 35.901, 35.589
1110, 35.920, 35.589
1111, 35.930, 35.589
1112, 35.949, 35.589
1113, 35.969, 35.589
1114, 35.930, 35.589
1115, 35.910, 35.589
1116, 35.910, 35.589
1117, 35.910, 35.589
1118, 35.933, 35.596
1119, 35.953, 35.604
1120, 35.943, 35.604
1121, 35.943, 35.604
1122, 35.972, 35.604
1123, 35.962, 35.604
1124, 35.933, 35.604
1125, 35.933, 35.604
1126, 35.933, 35.604
1127, 35.924, 35.604
1128, 35.924, 35.604
1129, 35.943, 35.604
1130, 35.943, 35.604
1131, 35.933, 35.604
1132, 35.947, 35.611
1133, 35.976, 35.611
1134, 35.976, 35.611
1135, 35.937, 35.618
1136, 35.937, 35.618
1137, 35.947, 35.618
1138, 35.947, 35.618
1139, 35.966, 35.618
1140, 35.937, 35.618
1141, 35.927, 35.618
1142, 35.956, 35.618
1143, 35.970, 35.625
1144, 35.970, 35.632
1145, 35.960, 35.632
1146, 35.940, 35.632
1147, 35.921, 35.625
1148, 35.931, 35.625
1149, 35.970, 35.632
1150, 35.999, 35.632
1151, 35.989, 35.632
1152, 35.979, 35.632
1153, 35.970, 35.632
1154, 35.960, 35.632
1155, 35.950, 35.632
1156, 35.950, 35.632
1157, 35.950, 35.632
1158, 35.940, 35.632
1159, 35.983, 35.640
1160, 36.006, 35.647
1161, 35.986, 35.647
1162, 35.996, 35.647
1163, 35.996, 35.647
1164, 35.977, 35.647
1165, 35.977, 35.647
1166, 35.996, 35.647
1167, 36.006, 35.647
1168, 35.986, 35.647
1169, 35.996, 35.647
1170, 36.006, 35.647
1171, 35.996, 35.647
1172, 35.977, 35.647
1173, 35.957, 35.654
1174, 35.961, 35.661
1175, 35.970, 35.661
1176, 35.990, 35.661
1177, 36.000, 35.661
1178, 36.009, 35.661
1179, 35.990, 35.669
1180, 36.009, 35.669
1181, 36.019, 35.669
1182, 36.019, 35.669
1183, 36.000, 35.669
1184, 35.980, 35.669
1185, 35.980, 35.669
1186, 35.980, 35.669
1187, 36.009, 35.669
1188, 36.013, 35.676
1189, 35.993, 35.676
1190, 36.013, 35.676
1191, 36.013, 35.676
1192, 36.003, 35.676
1193, 35.993, 35.683
1194, 36.003, 35.683
1195, 36.007, 35.690
1196, 35.997, 35.690
1197, 36.013, 35.683
1198, 36.013, 35.683
1199, 36.013, -910.000
1200, 36.046, 35.690
1201, 36.016, 35.690
1202, 35.993, 35.683
1203, 36.026, 35.690
1204, 36.036, 35.697
1205, 36.026, 35.697
1206, 36.016, 35.697
1207, 36.016, 35.697
1208, 36.007, 35.697
1209, 35.987, 35.697
1210, 35.997, 35.697
1211, 35.997, 35.697
1212, 35.978, 35.697
1213, 35.997, 35.697
1214, 36.036, 35.697
1215, 36.049, 35.705
1216, 36.039, 35.705
1217, 36.049, 35.705
1218, 36.030, 35.705
1219, 36.030, 35.705
1220, 36.039, 35.705
1221, 36.030, 35.705
1222, 36.059, 35.712
1223, 36.049, 35.712
1224, 36.030, 35.712
1225, 36.049, 35.712
1226, 36.039, 35.712
1227, 36.049, 35.712
1228, 36.059, 35.712
1229, 36.039, 35.712
1230, 36.030, 35.712
1231, 36.033, 35.719
1232, 36.043, 35.719
1233, 36.062, 35.719
1234, 36.053, 35.719
1235, 36.043, 35.719
1236, 36.056, 35.726
1237, 36.056, 35.726
1238, 36.037, 35.726
1239, 36.046, 35.726
1240, 36.076, 35.726
1241, 36.076, 35.726
1242, 36.037, 35.726
1243, 36.017, 35.734
1244, 36.040, 35.741
1245, 36.031, 35.741
1246, 36.031, 35.741
1247, 36.008, 35.734
1248, 36.008, 35.734
1249, 36.031, 35.741
1250, 36.040, 35.748
1251, 36.050, 35.748
1252, 36.040, 35.741
1253, 36.050, 35.748
1254, 36.089, 35.748
1255, 36.089, 35.748
1256, 36.060, 35.748
1257, 36.031, 35.748
1258, 36.031, 35.748
1259, 36.040, 35.748
1260, 36.044, 35.755
1261, 36.054, 35.762
1262, 36.083, 35.762
1263, 36.083, 35.762
1264, 36.073, 35.762
1265, 36.063, 35.762
1266, 36.054, 35.762
1267, 36.067, 35.770
1268, 36.086, 35.770
1269, 36.092, 35.762
1270, 36.092, 35.762
1271, 36.102, 35.762
1272, 36.102, 35.762
1273, 36.106, 35.770
1274, 36.106, 35.770
1275, 36.096, 35.770
1276, 36.125, 35.770
1277, 36.144, 35.770
1278, 36.135, 35.777
1279, 36.135, 35.777
1280, 36.144, 35.770
1281, 36.135, 35.770
1282, 36.135, 35.770
1283, 36.135, 35.770
1284, 36.115, 35.777
1285, 36.158, 35.784
1286, 36.177, 35.784
1287, 36.129, 35.791
1288, 36.109, 35.791
1289, 36.138, 35.791
1290, 36.138, 35.791
1291, 36.109, 35.791
1292, 36.122, 35.798
1293, 36.132, 35.798
1294, 36.132, 35.798
1295, 36.113, 35.798
1296, 36.122, 35.798
1297, 36.142, 35.798
1298, 36.132, 35.798
1299, 36.132, 35.798
1300, 36.113, 35.798
1301, 36.103, 35.798
1302, 36.126, 35.806
1303, 36.136, 35.813
1304, 36.136, 35.813
1305, 36.126, 35.813
1306, 36.126, 35.813
1307, 36.145, 35.813
1308, 36.155, 35.813
1309, 36.155, 35.813
1310, 36.145, 35.813
1311, 36.136, 35.813
1312, 36.145, 35.813
1313, 36.136, 35.813
1314, 36.145, 35.813
1315, 36.149, 35.820
1316, 36.130, 35.820
1317, 36.149, 35.820
1318, 36.149, 35.820
1319, 36.139, 35.820
1320, 36.159, 35.820
1321, 36.149, 35.820
1322, 36.130, 35.820
1323, 36.139, 35.820
1324, 36.139, 35.827
1325, 36.143, 35.835
1326, 36.143, 35.835
1327, 36.133, 35.835
1328, 36.143, 35.835
1329, 36.153, 35.835
1330, 36.162, 35.835
1331, 36.162, 35.835
1332, 36.153, 35.835
1333, 36.143, 35.835
1334, 36.143, 35.835
1335, 36.153, 35.835
1336, 36.153, 35.835
1337, 36.110, 35.827
1338, 36.130, 35.827
1339, 36.182, 35.835
1340, 36.162, 35.835
1341, 36.133, 35.835
1342, 36.133, 35.835
1343, 36.133, 35.835
1344, 36.162, 35.835
1345, 36.162, 35.842
1346, 36.143, 35.842
1347, 36.133, 35.842
1348, 36.156, 35.849
1349, 36.156, 35.849
1350, 36.137, 35.849
1351, 36.153, 35.842
1352, 36.172, 35.842
1353, 36.166, 35.849
1354, 36.156, 35.849
1355, 36.156, 35.849
1356, 36.156, 35.849
1357, 36.166, 35.849
1358, 36.166, 35.849
1359, 36.143, 35.842
1360, 36.133, 35.842
1361, 36.146, 35.849
1362, 36.156, 35.849
1363, 36.166, 35.849
1364, 36.156, 35.849
1365, 36.176, 35.849
1366, 36.166, 35.849
1367, 36.137, 35.856
1368, 36.169, 35.863
1369, 36.189, 35.863
1370, 36.169, 35.863
1371, 36.169, 35.863
1372, 36.169, 35.863
1373, 36.189, 35.871
1374, 36.208, 35.871
1375, 36.179, 35.871
1376, 36.140, 35.871
1377, 36.150, 35.863
1378, 36.218, 35.863
1379, 36.208, 35.863
1380, 36.160, 35.863
1381, 36.179, 35.871
1382, 36.189, 35.871
1383, 36.189, 35.871
1384, 36.179, 35.871
1385, 36.163, 35.878
1386, 36.183, 35.885
1387, 36.202, 35.878
1388, 36.192, 35.878
1389, 36.192, 35.885
1390, 36.192, 35.885
1391, 36.192, 35.885
1392, 36.173, 35.885
1393, 36.183, 35.885
1394, 36.192, 35.885
1395, 36.202, 35.885
1396, 36.192, 35.885
1397, 36.183, 35.885
1398, 36.192, 35.885
1399, 36.212, 35.885
1400, 36.221, 35.885
1401, 36.231, 35.885
1402, 36.235, 35.892
1403, 36.238, 35.900
1404, 36.248, 35.900
1405, 36.238, 35.900
1406, 36.229, 35.900
1407, 36.209, 35.900
1408, 36.190, 35.900
1409, 36.209, 35.900
1410, 36.219, 35.900
1411, 36.209, 35.907
1412, 36.219, 35.907
1413, 36.200, 35.907
1414, 36.209, 35.907
1415, 36.219, 35.900
1416, 36.219, 35.900
1417, 36.219, 35.900
1418, 36.229, 35.900
1419, 36.229, 35.900
1420, 36.229, 35.900
1421, 36.209, 35.900
1422, 36.200, 35.907
1423, 36.222, 35.914
1424, 36.232, 35.914
1425, 36.232, 35.914
1426, 36.242, 35.914
1427, 36.232, 35.914
1428, 36.222, 35.914
1429, 36.222, 35.914
1430, 36.222, 35.914
1431, 36.213, 35.921
1432, 36.203, 35.921
1433, 36.242, 35.914
1434, 36.242, 35.914
1435, 36.213, 35.921
1436, 36.222, 35.921
1437, 36.222, 35.921
1438, 36.232, 35.921
1439, 36.203, 35.921
1440, 36.216, 35.928
1441, 36.226, 35.928
1442, 36.236, 35.928
1443, 36.265, 35.928
1444, 36.265, 35.928
1445, 36.255, 35.928
1446, 36.245, 35.928
1447, 36.226, 35.928
1448, 36.236, 35.928
1449, 36.245, 35.936
1450, 36.236, 35.936
1451, 36.236, 35.936
1452, 36.245, 35.936
1453, 36.265, 35.936
1454, 36.255, 35.936
1455, 36.255, 35.936
1456, 36.255, 35.936
1457, 36.236, 35.936
1458, 36.236, 35.936
1459, 36.226, 35.936
1460, 36.255, 35.936
1461, 36.265, 35.936
1462, 36.268, 35.943
1463, 36.249, 35.950
1464, 36.259, 35.950
1465, 36.249, 35.943
1466, 36.239, 35.943
1467, 36.239, 35.943
1468, 36.239, 35.943
1469, 36.249, 35.950
1470, 36.259, 35.950
1471, 36.268, 35.950
1472, 36.259, 35.950
1473, 36.239, 35.950
1474, 36.249, 35.950
1475, 36.268, 35.950
1476, 36.268, 35.950
1477, 36.239, 35.950
1478, 36.220, 35.950
1479, 36.253, 35.957
1480, 36.253, 35.957
1481, 36.243, 35.957
1482, 36.262, 35.965
1483, 36.272, 35.965
1484, 36.282, 35.965
1485, 36.291, 35.965
1486, 36.282, 35.965
1487, 36.291, 35.965
1488, 36.301, 35.965
1489, 36.276, 35.972
1490, 36.266, 35.972
1491, 36.276, 35.972
1492, 36.266, 35.972
1493, 36.256, 35.972
1494, 36.246, 35.972
1495, 36.266, 35.972
1496, 36.295, 35.972
1497, 36.295, 35.972
1498, 36.308, 35.979
1499, 36.289, 35.979
1500, 36.289, 35.979
1501, 36.298, 35.979
1502, 36.289, 35.979
1503, 36.289, 35.979
1504, 36.308, 35.979
1505, 36.308, 35.979
1506, 36.308, 35.979
1507, 36.318, 35.986
1508, 36.318, 35.986
1509, 36.318, 35.986
1510, 36.279, 35.986
1511, 36.298, 35.986
1512, 36.321, 35.993
1513, 36.312, 35.993
1514, 36.321, 35.993
1515, 36.331, 35.993
1516, 36.331, 35.993
1517, 36.302, 35.993
1518, 36.312, 35.993
1519, 36.321, 36.001
1520, 36.312, 36.001
1521, 36.302, 36.001
1522, 36.292, 36.001
1523, 36.292, 36.001
1524, 36.292, 36.001
1525, 36.302, 36.001
1526, 36.296, 36.008
1527, 36.306, 36.008
1528, 36.325, 36.008
1529, 36.344, 36.008
1530, 36.335, 36.008
1531, 36.306, 36.015
1532, 36.315, 36.015
1533, 36.344, 36.015
1534, 36.325, 36.015
1535, 36.315, 36.015
1536, 36.335, 36.015
1537, 36.344, 36.015
1538, 36.325, 36.015
1539, 36.325, 36.015
1540, 36.335, 36.015
1541, 36.335, 36.015
1542, 36.329, 36.022
1543, 36.329, 36.022
1544, 36.338, 36.022
1545, 36.319, 36.030
1546, 36.319, 36.030
1547, 36.319, 36.030
1548, 36.338, 36.030
1549, 36.358, 36.030
1550, 36.367, 36.030
1551, 36.329, 36.030
1552, 36.329, 36.030
1553, 36.352, 36.037
1554, 36.361, 36.037
1555, 36.377, 36.030
1556, 36.367, 36.030
1557, 36.348, 36.030
1558, 36.358, 36.030
1559, 36.329, 36.030
1560, 36.332, 36.037
1561, 36.352, 36.044
1562, 36.352, 36.044
1563, 36.361, 36.044
1564, 36.371, 36.044
1565, 36.384, 36.051
1566, 36.345, 36.051
1567, 36.336, 36.051
1568, 36.355, 36.051
1569, 36.332, 36.044
1570, 36.332, 36.044
1571, 36.355, 36.051
1572, 36.374, 36.051
1573, 36.361, 36.044
1574, 36.342, 36.044
1575, 36.355, 36.051
1576, 36.368, 36.058
1577, 36.378, 36.058
1578, 36.378, 36.058
1579, 36.388, 36.058
1580, 36.407, 36.058
1581, 36.388, 36.058
1582, 36.378, 36.058
1583, 36.397, 36.066
1584, 36.388, 36.066
1585, 36.368, 36.058
1586, 36.388, 36.058
1587, 36.378, 36.066
1588, 36.368, 36.066
1589, 36.368, 36.066
1590, 36.359, 36.066
1591, 36.359, 36.066
1592, 36.359, 36.066
1593, 36.368, 36.066
1594, 36.378, 36.066
1595, 36.388, 36.066
1596, 36.378, 36.066
1597, 36.372, 36.073
1598, 36.401, 36.073
1599, 36.397, 36.066
1600, 36.401, 36.073
1601, 36.401, 36.073
1602, 36.401, 36.073
1603, 36.411, 36.080
1604, 36.401, 36.080
1605, 36.391, 36.080
1606, 36.382, 36.080
1607, 36.385, 36.087
1608, 36.395, 36.087
1609, 36.401, 36.080
1610, 36.411, 36.080
1611, 36.420, 36.080
1612, 36.430, 36.080
1613, 36.430, 36.080
1614, 36.401, 36.080
1615, 36.382, 36.080
1616, 36.401, 36.080
1617, 36.382, 36.080
1618, 36.405, 36.087
1619, 36.453, 36.094
1620, 36.414, 36.094
1621, 36.395, 36.094
1622, 36.395, 36.094
1623, 36.395, 36.094
1624, 36.405, 36.094
1625, 36.437, 36.102
1626, 36.447, 36.102
1627, 36.418, 36.102
1628, 36.399, 36.102
1629, 36.405, 36.094
1630, 36.414, 36.094
1631, 36.395, 36.094
1632, 36.434, 36.094
1633, 36.466, 36.102
1634, 36.418, 36.102
1635, 36.418, 36.102
1636, 36.418, 36.102
1637, 36.418, 36.102
1638, 36.447, 36.109
1639, 36.460, 36.116
1640, 36.431, 36.116
1641, 36.431, 36.116
1642, 36.441, 36.116
1643, 36.450, 36.116
1644, 36.441, 36.116
1645, 36.412, 36.116
1646, 36.421, 36.116
1647, 36.441, 36.116
1648, 36.431, 36.116
1649, 36.412, 36.116
1650, 36.431, 36.123
1651, 36.441, 36.123
1652, 36.431, 36.123
1653, 36.444, 36.131
1654, 36.425, 36.131
1655, 36.435, 36.131
1656, 36.454, 36.131
1657, 36.444, 36.131
1658, 36.454, 36.131
1659, 36.454, 36.131
1660, 36.435, 36.131
1661, 36.444, 36.131
1662, 36.444, 36.131
1663, 36.435, 36.131
1664, 36.444, 36.138
1665, 36.454, 36.138
1666, 36.464, 36.138
1667, 36.448, 36.145
1668, 36.429, 36.145
1669, 36.448, 36.145
1670, 36.458, 36.145
1671, 36.448, 36.145
1672, 36.458, 36.145
1673, 36.487, 36.145
1674, 36.506, 36.145
1675, 36.496, 36.145
1676, 36.487, 36.145
1677, 36.506, 36.145
1678, 36.493, 36.138
1679, 36.502, 36.138
1680, 36.506, 36.145
1681, 36.481, 36.152
1682, 36.471, 36.152
1683, 36.467, 36.145
1684, 36.487, 36.145
1685, 36.477, 36.145
1686, 36.458, 36.145
1687, 36.477, 36.145
1688, 36.506, 36.145
1689, 36.519, 36.152
1690, 36.519, 36.152
1691, 36.510, 36.152
1692, 36.519, 36.159
1693, 36.510, 36.159
1694, 36.481, 36.159
1695, 36.481, 36.159
1696, 36.490, 36.159
1697, 36.523, 36.167
1698, 36.523, 36.167
1699, 36.519, 36.159
1700, 36.510, 36.159
1701, 36.504, 36.167
1702, 36.513, 36.167
1703, 36.523, 36.167
1704, 36.542, 36.167
1705, 36.542, 36.167
1706, 36.523, 36.167
1707, 36.513, 36.167
1708, 36.484, 36.167
1709, 36.484, 36.174
1710, 36.507, 36.181
1711, 36.526, 36.181
1712, 36.555, 36.181
1713, 36.555, 36.181
1714, 36.552, 36.174
1715, 36.542, 36.174
1716, 36.533, 36.174
1717, 36.542, 36.174
1718, 36.562, 36.174
1719, 36.571, 36.174
1720, 36.555, 36.181
1721, 36.555, 36.181
1722, 36.565, 36.181
1723, 36.565, 36.188
1724, 36.555, 36.188
1725, 36.546, 36.188
1726, 36.549, 36.196
1727, 36.540, 36.196
1728, 36.540, 36.196
1729, 36.540, 36.196
1730, 36.540, 36.196
1731, 36.559, 36.196
1732, 36.569, 36.196
1733, 36.549, 36.203
1734, 36.549, 36.203
1735, 36.569, 36.203
1736, 36.549, 36.203
1737, 36.549, 36.196
1738, 36.559, 36.196
1739, 36.559, 36.203
1740, 36.569, 36.203
1741, 36.598, 36.203
1742, 36.569, 36.203
1743, 36.530, 36.203
1744, 36.549, 36.203
1745, 36.549, 36.203
1746, 36.559, 36.203
1747, 36.559, 36.203
1748, 36.563, 36.210
1749, 36.582, 36.210
1750, 36.563, 36.210
1751, 36.553, 36.210
1752, 36.563, 36.210
1753, 36.543, 36.217
1754, 36.543, -1085.000
1755, 36.563, 36.217
1756, 36.582, 36.217
1757, 36.572, 36.217
1758, 36.592, 36.217
1759, 36.611, 36.217
1760, 36.592, 36.217
1761, 36.595, 36.224
1762, 36.595, 36.224
1763, 36.582, 36.217
1764, 36.572, 36.217
1765, 36.595, 36.224
1766, 36.595, 36.224
1767, 36.566, 36.224
1768, 36.579, 36.232
1769, 36.608, 36.239
1770, 36.608, 36.239
1771, 36.608, 36.232
1772, 36.589, 36.232
1773, 36.589, 36.239
1774, 36.628, 36.239
1775, 36.599, 36.239
1776, 36.579, 36.239
1777, 36.570, 36.239
1778, 36.570, 36.239
1779, 36.570, 36.239
1780, 36.589, 36.239
1781, 36.618, 36.239
1782, 36.608, 36.239
1783, 36.599, 36.239
1784, 36.589, 36.239
1785, 36.622, 36.246
1786, 36.641, 36.253
1787, 36.612, 36.253
1788, 36.612, 36.253
1789, 36.651, 36.253
1790, 36.651, 36.253
1791, 36.631, 36.253
1792, 36.612, 36.253
1793, 36.616, 36.260
1794, 36.635, 36.260
1795, 36.612, 36.253
1796, 36.593, 36.253
1797, 36.616, 36.260
1798, 36.625, 36.260
1799, 36.616, 36.260
1800, 36.635, 36.260
1801, 36.625, 36.260
1802, 36.596, 36.260
1803, 36.587, 36.260
1804, 36.587, 36.268
1805, 36.606, 36.268
1806, 36.635, 36.268
1807, 36.645, 36.268
1808, 36.625, 36.268
1809, 36.629, 36.275
1810, 36.629, 36.275
1811, 36.645, 36.268
1812, 36.645, 36.268
1813, 36.629, 36.275
1814, 36.639, 36.275
1815, 36.610, 36.275
1816, 36.581, 36.275
1817, 36.619, 36.275
1818, 36.648, 36.275
1819, 36.629, 36.275
1820, 36.629, 36.275
1821, 36.658, 36.275
1822, 36.639, 36.275
1823, 36.619, 36.282
1824, 36.671, 36.289
1825, 36.668, 36.282
1826, 36.629, 36.282
1827, 36.642, 36.289
1828, 36.633, 36.289
1829, 36.642, 36.289
1830, 36.642, 36.289
1831, 36.642, 36.289
1832, 36.652, 36.289
1833, 36.642, 36.289
1834, 36.633, 36.289
1835, 36.642, 36.289
1836, 36.642, 36.289
1837, 36.662, 36.289
1838, 36.681, 36.289
1839, 36.671, 36.296
1840, 36.662, 36.296
1841, 36.662, 36.296
1842, 36.681, 36.296
1843, 36.690, 36.289
1844, 36.671, 36.289
1845, 36.662, 36.296
1846, 36.671, 36.296
1847, 36.671, 36.296
1848, 36.665, 36.304
1849, 36.633, 36.297
1850, 36.652, 36.297
1851, 36.684, 36.304
1852, 36.675, 36.304
1853, 36.665, 36.304
1854, 36.655, 36.304
1855, 36.675, 36.311
1856, 36.704, 36.311
1857, 36.675, 36.311
1858, 36.665, 36.311
1859, 36.675, 36.311
1860, 36.684, 36.311
1861, 36.655, 36.311
1862, 36.646, 36.311
1863, 36.655, 36.311
1864, 36.659, 36.318
1865, 36.678, 36.318
1866, 36.698, 36.318
1867, 36.707, 36.318
1868, 36.665, 36.311
1869, 36.655, 36.311
1870, 36.665, 36.311
1871, 36.684, 36.311
1872, 36.707, 36.318
1873, 36.698, 36.318
1874, 36.684, 36.311
1875, 36.694, 36.311
1876, 36.707, 36.318
1877, 36.711, 36.325
1878, 36.711, 36.325
1879, 36.721, 36.325
1880, 36.711, 36.325
1881, 36.711, 36.325
1882, 36.721, 36.325
1883, 36.730, 36.325
1884, 36.730, 36.325
1885, 36.721, 36.325
1886, 36.711, 36.325
1887, 36.688, 36.318
1888, 36.688, 36.318
1889, 36.711, 36.325
1890, 36.701, 36.325
1891, 36.692, 36.325
1892, 36.701, 36.325
1893, 36.721, 36.332
1894, 36.721, 36.332
1895, 36.701, 36.332
1896, 36.695, 36.340
1897, 36.695, 36.340
1898, 36.705, 36.340
1899, 36.724, 36.340
1900, 36.724, 36.340
1901, 36.734, 36.347
1902, 36.734, 36.347
1903, 36.724, 36.340
1904, 36.724, 36.340
1905, 36.734, 36.347
1906, 36.724, 36.347
1907, 36.715, 36.347
1908, 36.728, 36.354
1909, 36.708, 36.354
1910, 36.699, 36.354
1911, 36.718, 36.354
1912, 36.747, 36.354
1913, 36.728, 36.354
1914, 36.708, 36.354
1915, 36.718, 36.354
1916, 36.737, 36.354
1917, 36.747, 36.361
1918, 36.708, 36.361
1919, 36.718, 36.361
1920, 36.747, 36.361
1921, 36.728, 36.361
1922, 36.718, 36.361
1923, 36.718, 36.361
1924, 36.728, 36.361
1925, 36.737, 36.361
1926, 36.731, 36.369
1927, 36.722, 36.369
1928, 36.741, 36.369
1929, 36.731, 36.369
1930, 36.731, 36.369
1931, 36.731, 36.369
1932, 36.722, 36.369
1933, 36.741, 36.369
1934, 36.751, 36.369
1935, 36.751, 36.369
1936, 36.741, 36.369
1937, 36.731, 36.376
1938, 36.751, 36.376
1939, 36.741, 36.376
1940, 36.712, 36.376
1941, 36.751, 36.369
1942, 36.741, 36.369
1943, 36.722, 36.376
1944, 36.741, 36.376
1945, 36.741, 36.376
1946, 36.751, 36.376
1947, 36.741, 36.376
1948, 36.731, 36.376
1949, 36.751, 36.376
1950, 36.751, 36.376
1951, 36.751, 36.376
1952, 36.751, 36.376
1953, 36.760, 36.376
1954, 36.741, 36.376
1955, 36.722, 36.376
1956, 36.741, 36.376
1957, 36.751, 36.376
1958, 36.754, 36.383
1959, 36.764, 36.383
1960, 36.764, 36.383
1961, 36.735, 36.390
1962, 36.735, 36.390
1963, 36.735, 36.383
1964, 36.735, 36.383
1965, 36.745, 36.390
1966, 36.764, 36.390
1967, 36.748, 36.397
1968, 36.739, 36.397
1969, 36.735, 36.390
1970, 36.735, 36.390
1971, 36.745, 36.390
1972, 36.754, 36.390
1973, 36.764, 36.390
1974, 36.745, 36.390
1975, 36.748, 36.397
1976, 36.768, 36.397
1977, 36.748, 36.397
1978, 36.771, 36.405
1979, 36.771, 36.405
1980, 36.762, 36.405
1981, 36.771, 36.405
1982, 36.781, 36.405
1983, 36.771, 36.405
1984, 36.742, 36.405
1985, 36.733, 36.412
1986, 36.742, 36.412
1987, 36.742, 36.405
1988, 36.762, 36.405
1989, 36.762, 36.405
1990, 36.752, 36.405
1991, 36.762, 36.405
1992, 36.771, 36.405
1993, 36.781, 36.412
1994, 36.781, 36.412
1995, 36.762, 36.405
1996, 36.752, 36.405
1997, 36.752, 36.412
1998, 36.752, 36.412
1999, 36.752, 36.412
2000, 36.765, 36.419
2001, 36.784, 36.419
2002, 36.775, 36.419
2003, 36.755, 36.419
2004, 36.765, 36.419
2005, 36.784, 36.419
2006, 36.794, 36.419
2007, 36.784, 36.419
2008, 36.775, 36.419
2009, 36.765, 36.426
2010, 36.775, 36.426
2011, 36.775, 36.426
2012, 36.784, 36.426
2013, 36.804, 36.426
2014, 36.775, 36.426
2015, 36.765, 36.419
2016, 36.784, 36.419
2017, 36.784, 36.426
2018, 36.775, 36.426
2019, 36.784, 36.426
2020, 36.784, 36.426
2021, 36.775, 36.426
2022, 36.798, 36.434
2023, 36.807, 36.434
2024, 36.817, 36.434
2025, 36.798, 36.441
2026, 36.778, 36.441
2027, 36.798, 36.441
2028, 36.807, 36.441
2029, 36.827, 36.441
2030, 36.836, 36.441
2031, 36.807, 36.441
2032, 36.788, 36.441
2033, 36.788, 36.441
2034, 36.807, 36.441
2035, 36.817, 36.441
2036, 36.817, 36.441
2037, 36.798, 36.441
2038, 36.778, 36.441
2039, 36.788, 36.441
2040, 36.798, 36.441
2041, 36.798, 36.441
2042, 36.811, 36.448
2043, 36.801, 36.455
2044, 36.821, 36.455
2045, 36.830, 36.455
2046, 36.821, 36.455
2047, 36.811, 36.455
2048, 36.801, 36.455
2049, 36.811, 36.448
2050, 36.821, 36.448
2051, 36.821, 36.455
2052, 36.792, 36.455
2053, 36.772, 36.455
2054, 36.792, 36.455
2055, 36.801, 36.455
2056, 36.801, 36.455
2057, 36.801, 36.455
2058, 36.811, 36.455
2059, 36.821, 36.455
2060, 36.834, 36.463
2061, 36.824, 36.470
2062, 36.815, 36.470
2063, 36.834, 36.470
2064, 36.815, 36.470
2065, 36.805, 36.470
2066, 36.815, 36.470
2067, 36.815, 36.470
2068, 36.824, 36.470
2069, 36.815, 36.470
2070, 36.795, 36.470
2071, 36.815, 36.470
2072, 36.815, 36.470
2073, 36.786, 36.470
2074, 36.795, 36.470
2075, 36.805, 36.470
2076, 36.805, 36.470
2077, 36.815, 36.470
2078, 36.815, 36.470
2079, 36.834, 36.470
2080, 36.824, 36.470
2081, 36.809, 36.477
2082, 36.828, 36.477
2083, 36.828, 36.477
2084, 36.822, 36.484
2085, 36.822, 36.484
2086, 36.841, 36.484
2087, 36.860, 36.484
2088, 36.860, 36.484
2089, 36.851, 36.484
2090, 36.851, 36.484
2091, 36.831, 36.484
2092, 36.822, 36.484
2093, 36.851, 36.484
2094, 36.860, 36.484
2095, 36.851, 36.484
2096, 36.860, 36.484
2097, 36.851, 36.491
2098, 36.841, 36.491
2099, 36.831, 36.491
2100, 36.841, 36.491
2101, 36.841, 36.491
2102, 36.835, 36.499
2103, 36.845, 36.499
2104, 36.864, 36.499
2105, 36.854, 36.499
2106, 36.835, 36.499
2107, 36.845, 36.499
2108, 36.854, 36.499
2109, 36.845, 36.499
2110, 36.825, 36.499
2111, 36.825, 36.499
2112, 36.854, 36.499
2113, 36.854, 36.499
2114, 36.874, 36.499
2115, 36.893, 36.499
2116, 36.874, 36.499
2117, 36.874, 36.499
2118, 36.864, 36.499
2119, 36.845, 36.506
2120, 36.854, 36.506
2121, 36.874, 36.506
2122, 36.893, 36.506
2123, 36.883, 36.506
2124, 36.864, 36.506
2125, 36.854, 36.506
2126, 36.858, 36.513
2127, 36.858, 36.513
2128, 36.858, 36.513
2129, 36.848, 36.513
2130, 36.848, 36.513
2131, 36.877, 36.513
2132, 36.887, 36.513
2133, 36.858, 36.520
2134, 36.858, 36.520
2135, 36.868, 36.520
2136, 36.877, 36.520
2137, 36.868, 36.520
2138, 36.858, 36.520
2139, 36.887, 36.520
2140, 36.877, 36.520
2141, 36.877, 36.520
2142, 36.887, 36.520
2143, 36.858, 36.520
2144, 36.848, 36.520
2145, 36.868, 36.520
2146, 36.868, 36.520
2147, 36.887, 36.520
2148, 36.897, 36.520
2149, 36.891, 36.527
2150, 36.891, 36.527
2151, 36.900, 36.527
2152, 36.891, 36.535
2153, 36.871, 36.535
2154, 36.871, 36.535
2155, 36.871, 36.535
2156, 36.900, 36.535
2157, 36.900, 36.535
2158, 36.881, 36.535
2159, 36.871, 36.535
2160, 36.900, 36.535
2161, 36.910, 36.535
2162, 36.910, 36.535
2163, 36.933, 36.542
2164, 36.913, 36.542
2165, 36.891, 36.535
2166, 36.910, 36.535
2167, 36.923, 36.542
2168, 36.894, 36.542
2169, 36.894, 36.542
2170, 36.894, 36.542
2171, 36.904, 36.542
2172, 36.913, 36.542
2173, 36.913, 36.542
2174, 36.884, 36.549
2175, 36.904, 36.549
2176, 36.942, 36.549
2177, 36.936, 36.556
2178, 36.907, 36.556
2179, 36.888, 36.556
2180, 36.888, 36.556
2181, 36.917, 36.556
2182, 36.917, 36.556
2183, 36.917, 36.556
2184, 36.936, 36.556
2185, 36.927, 36.556
2186, 36.917, 36.556
2187, 36.927, 36.556
2188, 36.927, 36.556
2189, 36.898, 36.556
2190, 36.888, 36.556
2191, 36.917, 36.556
2192, 36.907, 36.556
2193, 36.869, 36.563
2194, 36.911, 36.571
2195, 36.936, 36.564
2196, 36.917, 36.564
2197, 36.898, 36.564
2198, 36.907, 36.564
2199, 36.927, 36.564
2200, 36.888, 36.564
2201, 36.911, 36.571
2202, 36.930, 36.571
2203, 36.917, 36.564
2204, 36.927, 36.564
2205, 36.898, 36.564
2206, 36.878, 36.564
2207, 36.911, 36.571
2208, 36.940, 36.571
2209, 36.930, 36.571
2210, 36.901, 36.571
2211, 36.901, 36.571
2212, 36.921, 36.571
2213, 36.921, 36.571
2214, 36.921, 36.571
2215, 36.930, 36.571
2216, 36.921, 36.571
2217, 36.930, 36.571
2218, 36.940, 36.571
2219, 36.953, 36.578
2220, 36.924, 36.578
2221, 36.911, 36.571
2222, 36.930, 36.571
2223, 36.930, 36.571
2224, 36.924, 36.578
2225, 36.934, 36.578
2226, 36.915, 36.578
2227, 36.905, 36.585
2228, 36.963, 36.585
2229, 36.963, 36.585
2230, 36.924, 36.585
2231, 36.934, 36.585
2232, 36.934, 36.585
2233, 36.905, 36.585
2234, 36.915, 36.585
2235, 36.934, 36.585
2236, 36.953, 36.585
2237, 36.953, 36.585
2238, 36.953, 36.585
2239, 36.944, 36.585
2240, 36.944, 36.585
2241, 36.944, 36.585
2242, 36.924, 36.585
2243, 36.944, 36.585
2244, 36.924, 36.585
2245, 36.938, 36.592
2246, 36.947, 36.600
2247, 36.947, 36.600
2248, 36.947, 36.600
2249, 36.947, 36.600
2250, 36.957, 36.600
2251, 36.957, 36.600
2252, 36.947, 36.600
2253, 36.938, 36.600
2254, 36.947, 36.600
2255, 36.957, 36.600
2256, 36.966, 36.600
2257, 36.986, 36.600
2258, 36.976, 36.600
2259, 36.957, 36.600
2260, 36.957, 36.600
2261, 36.970, 36.607
2262, 36.960, 36.607
2263, 36.938, 36.600
2264, 36.938, 36.600
2265, 36.980, 36.607
2266, 36.970, 36.614
2267, 36.960, 36.614
2268, 36.960, 36.614
2269, 36.960, 36.607
2270, 36.951, 36.607
2271, 36.922, 36.607
2272, 36.951, 36.607
2273, 36.960, 36.614
2274, 36.951, 36.614
2275, 36.951, 36.614
2276, 36.960, 36.614
2277, 36.970, 36.614
2278, 36.980, 36.614
2279, 36.980, 36.614
2280, 36.970, 36.614
2281, 36.960, 36.614
2282, 36.932, 36.614
2283, 36.941, 36.614
2284, 36.970, 36.614
2285, 36.983, 36.621
2286, 36.983, 36.621
2287, 36.960, 36.614
2288, 36.941, 36.614
2289, 36.970, 36.614
2290, 36.960, 36.614
2291, 36.941, 36.614
2292, 36.964, 36.621
2293, 36.945, 36.629
2294, 36.954, 36.621
2295, 36.983, 36.621
2296, 36.954, 36.621
2297, 36.954, 36.621
2298, 36.993, 36.629
2299, 37.003, 36.629
2300, 36.993, 36.629
2301, 36.997, 36.636
2302, 36.968, 36.636
2303, 36.964, 36.629
2304, 36.993, 36.629
2305, 36.987, 36.636
2306, 36.997, 36.636
2307, 37.003, 36.629
2308, 36.983, 36.629
2309, 36.983, 36.629
2310, 36.974, 36.629
2311, 36.987, 36.636
2312, 36.987, 36.636
2313, 36.997, 36.636
2314, 36.997, 36.636
2315, 36.977, 36.636
2316, 36.977, 36.636
2317, 36.997, 36.636
2318, 36.987, 36.636
2319, 36.987, 36.636
2320, 36.987, 36.636
2321, 36.968, 36.636
2322, 36.958, 36.636
2323, 36.958, 36.636
2324, 36.997, 36.636
2325, 36.997, 36.643
2326, 36.987, 36.643
2327, 36.997, 36.643
2328, 37.010, 36.650
2329, 37.010, 36.650
2330, 37.000, 36.650
2331, 37.000, 36.650
2332, 37.019, 36.650
2333, 37.016, 36.643
2334, 37.016, 36.643
2335, 37.000, 36.650
2336, 36.991, 36.650
2337, 36.991, 36.650
2338, 36.991, 36.650
2339, 37.010, 36.650
2340, 37.010, 36.650
2341, 37.000, 36.650
2342, 37.000, 36.650
2343, 36.981, 36.650
2344, 36.981, 36.650
2345, 37.010, 36.650
2346, 37.010, 36.650
2347, 37.019, 36.650
2348, 37.019, 36.650
2349, 37.010, 36.650
2350, 37.010, 36.650
2351, 36.981, 36.650
2352, 36.991, 36.650
2353, 36.991, 36.650
2354, 36.981, 36.650
2355, 36.991, 36.650
2356, 36.994, 36.657
2357, 36.994, 36.665
2358, 37.033, 36.665
2359, 37.042, 36.657
2360, 37.000, 36.650
2361, 36.981, 36.650
2362, 37.010, 36.650
2363, 37.033, 36.657
2364, 37.004, 36.657
2365, 36.991, 36.650
2366, 37.000, 36.650
2367, 37.023, 36.657
2368, 37.013, 36.657
2369, 37.033, 36.657
2370, 37.033, 36.665
2371, 37.013, 36.665
2372, 37.013, 36.665
2373, 37.013, 36.665
2374, 37.013, 36.665
2375, 37.004, 36.665
2376, 37.004, 36.665
2377, 37.033, 36.665
2378, 37.042, 36.665
2379, 37.033, 36.665
2380, 37.023, 36.665
2381, 37.004, 36.665
2382, 37.004, 36.665
2383, 37.004, 36.665
2384, 36.994, 36.665
2385, 37.013, 36.665
2386, 37.013, 36.665
2387, 37.017, 36.672
2388, 37.017, 36.672
2389, 37.027, 36.672
2390, 37.027, 36.672
2391, 37.027, 36.672
2392, 37.017, 36.672
2393, 37.007, 36.672
2394, 37.017, 36.672
2395, 37.027, 36.672
2396, 37.007, 36.672
2397, 37.007, 36.672
2398, 37.056, 36.679
2399, 37.056, 36.679
2400, 37.036, 36.679
2401, 37.046, 36.679
2402, 37.027, 36.679
2403, 37.007, 36.679
2404, 36.988, 36.679
2405, 36.998, 36.679
2406, 37.036, 36.679
2407, 37.056, 36.679
2408, 37.017, 36.679
2409, 36.979, 36.679
2410, 36.998, 36.679
2411, 37.027, 36.679
2412, 37.017, 36.679
2413, 37.030, 36.686
2414, 37.040, 36.686
2415, 37.059, 36.686
2416, 37.069, 36.686
2417, 37.065, 36.679
2418, 37.046, 36.679
2419, 37.007, 36.679
2420, 37.007, 36.679
2421, 37.036, 36.679
2422, 37.046, 36.679
2423, 37.059, 36.686
2424, 37.040, 36.686
2425, 37.007, 36.679
2426, 37.027, 36.679
2427, 37.046, 36.679
2428, 37.046, 36.679
2429, 37.036, 36.679
2430, 37.017, 36.679
2431, 37.007, 36.679
2432, 37.017, 36.679
2433, 37.027, 36.679
2434, 36.998, 36.679
2435, 37.021, 36.686
2436, 37.050, 36.686
2437, 37.027, 36.679
2438, 37.027, 36.679
2439, 37.059, 36.686
2440, 37.050, 36.686
2441, 37.040, 36.686
2442, 37.040, 36.686
2443, 37.030, 36.686
2444, 37.021, 36.686
2445, 37.011, 36.686
2446, 37.011, 36.694
2447, 37.011, 36.694
2448, 37.011, 36.686
2449, 37.021, 36.686
2450, 37.021, 36.686
2451, 37.021, 36.686
2452, 37.059, 36.694
2453, 37.059, 36.694
2454, 37.030, 36.694
2455, 37.053, 36.701
2456, 37.053, 36.701
2457, 37.044, 36.701
2458, 37.044, 36.701
2459, 37.063, 36.701
2460, 37.063, 36.701
2461, 37.044, 36.701
2462, 37.053, 36.701
2463, 37.072, 36.701
2464, 37.063, 36.701
2465, 37.063, 36.701
2466, 37.044, 36.701
2467, 37.044, 36.701
2468, 37.063, 36.701
2469, 37.044, 36.701
2470, 37.044, 36.701
2471, 37.053, 36.701
2472, 37.092, 36.701
2473, 37.072, 36.701
2474, 37.044, 36.701
2475, 37.050, 36.694
2476, 37.021, 36.694
2477, 37.044, 36.701
2478, 37.072, 36.701
2479, 37.040, 36.694
2480, 37.040, 36.694
2481, 37.082, 36.701
2482, 37.072, 36.701
2483, 37.044, 36.701
2484, 37.024, 36.701
2485, 37.044, 36.701
2486, 37.092, 36.701
2487, 37.082, 36.701
2488, 37.063, 36.701
2489, 37.053, 36.701
2490, 37.063, 36.701
2491, 37.072, 36.701
2492, 37.053, 36.701
2493, 37.044, 36.701
2494, 37.044, 36.701
2495, 37.044, 36.701
2496, 37.044, 36.701
2497, 37.063, 36.701
2498, 37.082, 36.701
2499, 37.072, 36.701
2500, 37.053, 36.701
2501, 37.053, 36.701
2502, 37.063, 36.701
2503, 37.072, 36.701
2504, 37.063, 36.701
2505, 37.053, 36.701
2506, 37.053, 36.701
2507, 37.063, 36.701
2508, 37.053, 36.708
2509, 37.072, 36.708
2510, 37.053, 36.708
2511, 37.034, 36.708
2512, 37.044, 36.701
2513, 37.044, 36.708
2514, 37.044, 36.708
2515, 37.034, 36.708
2516, 37.028, 36.715
2517, 37.047, 36.715
2518, 37.057, 36.715
2519, 37.057, 36.715
2520, 37.067, 36.715
2521, 37.076, 36.715
2522, 37.095, 36.715
2523, 37.076, 36.715
2524, 37.057, 36.715
2525, 37.057, 36.715
2526, 37.057, 36.715
2527, 37.076, 36.715
2528, 37.067, 36.715
2529, 37.086, 36.715
2530, 37.082, 36.708
2531, 37.082, 36.708
2532, 37.115, 36.715
2533, 37.067, 36.715
2534, 37.038, 36.715
2535, 37.047, 36.715
2536, 37.057, 36.715
2537, 37.086, 36.715
2538, 37.086, 36.715
2539, 37.086, 36.715
2540, 37.086, 36.715
2541, 37.095, 36.715
2542, 37.095, 36.715
2543, 37.086, 36.715
2544, 37.076, 36.715
2545, 37.067, 36.722
2546, 37.067, 36.722
2547, 37.057, 36.722
2548, 37.089, 36.730
2549, 37.099, 36.730
2550, 37.057, 36.722
2551, 37.076, 36.715
2552, 37.076, 36.715
2553, 37.057, 36.722
2554, 37.057, 36.722
2555, 37.057, 36.722
2556, 37.067, 36.722
2557, 37.057, 36.722
2558, 37.047, 36.722
2559, 37.047, 36.722
2560, 37.047, 36.722
2561, 37.038, 36.722
2562, 37.051, 36.730
2563, 37.061, 36.730
2564, 37.070, 36.730
2565, 37.080, 36.730
2566, 37.080, 36.730
2567, 37.089, 36.730
2568, 37.070, 36.730
2569, 37.070, 36.730
2570, 37.089, 36.730
2571, 37.099, 36.730
2572, 37.076, 36.722
2573, 37.047, 36.722
2574, 37.047, 36.722
2575, 37.047, 36.722
2576, 37.047, 36.722
2577, 37.086, 36.722
2578, 37.105, 36.722
2579, 37.076, 36.722
2580, 37.047, 36.722
2581, 37.067, 36.722
2582, 37.086, 36.722
2583, 37.105, 36.722
2584, 37.067, 36.722
2585, 37.047, 36.722
2586, 37.086, 36.722
2587, 37.095, 36.722
2588, 37.089, 36.730
2589, 37.070, 36.730
2590, 37.070, 36.730
2591, 37.080, 36.730
2592, 37.080, 36.730
2593, 37.064, 36.737
2594, 37.055, 36.737
2595, 37.070, 36.730
2596, 37.061, 36.730
2597, 37.064, 36.737
2598, 37.074, 36.737
2599, 37.074, 36.737
2600, 37.083, 36.737
2601, 37.083, 36.737
2602, 37.074, 36.737
2603, 37.074, 36.737
2604, 37.093, 36.737
2605, 37.083, 36.737
2606, 37.074, 36.737
2607, 37.061, 36.730
2608, 37.070, 36.730
2609, 37.080, 36.730
2610, 37.070, 36.730
2611, 37.089, 36.730
2612, 37.099, 36.730
2613, 37.099, 36.730
2614, 37.080, 36.730
2615, 37.080, 36.730
2616, 37.089, 36.730
2617, 37.112, 36.737
2618, 37.112, 36.737
2619, 37.093, 36.737
2620, 37.093, 36.737
2621, 37.112, 36.737
2622, 37.103, 36.737
2623, 37.103, 36.737
2624, 37.093, 36.737
2625, 37.083, 36.737
2626, 37.112, 36.737
2627, 37.112, 36.737
2628, 37.093, 36.737
2629, 37.103, 36.737
2630, 37.122, 36.737
2631, 37.112, 36.737
2632, 37.103, 36.737
2633, 37.103, 36.737
2634, 37.093, 36.737
2635, 37.083, 36.737
2636, 37.074, 36.737
2637, 37.074, 36.737
2638, 37.093, 36.737
2639, 37.093, 36.737
2640, 37.083, 36.737
2641, 37.064, 36.737
2642, 37.074, 36.737
2643, 37.112, 36.737
2644, 37.112, 36.737
2645, 37.112, 36.737
2646, 37.083, 36.744
2647, 37.106, 36.751
2648, 37.154, 36.751
2649, 37.135, 36.751
2650, 37.083, 36.744
2651, 37.093, 36.737
2652, 37.103, 36.737
2653, 37.112, 36.737
2654, 37.132, 36.737
2655, 37.122, 36.737
2656, 37.093, 36.744
2657, 37.087, 36.751
2658, 37.097, 36.751
2659, 37.116, 36.751
2660, 37.106, 36.751
2661, 37.087, 36.751
2662, 37.087, 36.751
2663, 37.126, 36.751
2664, 37.145, 36.751
2665, 37.116, 36.751
2666, 37.106, 36.751
2667, 37.135, 36.751
2668, 37.126, 36.751
2669, 37.097, 36.751
2670, 37.106, 36.751
2671, 37.106, 36.758
2672, 37.097, 36.758
2673, 37.116, 36.751
2674, 37.097, 36.751
2675, 37.087, 36.751
2676, 37.087, 36.751
2677, 37.077, 36.751
2678, 37.077, 36.751
2679, 37.097, 36.751
2680, 37.126, 36.751
2681, 37.135, 36.751
2682, 37.126, 36.751
2683, 37.116, 36.758
2684, 37.097, 36.758
2685, 37.097, 36.751
2686, 37.106, 36.751
2687, 37.126, 36.751
2688, 37.135, 36.751
2689, 37.116, 36.751
2690, 37.106, 36.751
2691, 37.116, 36.751
2692, 37.126, 36.751
2693, 37.097, 36.751
2694, 37.087, 36.751
2695, 37.116, 36.751
2696, 37.106, 36.751
2697, 37.087, 36.751
2698, 37.097, 36.751
2699, 37.106, 36.751
2700, 37.116, 36.751
2701, 37.116, 36.751
2702, 37.116, 36.751
2703, 37.116, 36.758
2704, 37.106, 36.758
2705, 37.097, 36.751
2706, 37.097, 36.751
2707, 37.116, 36.751
2708, 37.126, 36.751
2709, 37.106, 36.751
2710, 37.106, 36.751
2711, 37.097, 36.751
2712, 37.116, 36.751
2713, 37.135, 36.751
2714, 37.135, 36.751
2715, 37.135, 36.751
2716, 37.106, 36.751
2717, 37.106, 36.751
2718, 37.097, 36.751
2719, 37.097, 36.758
2720, 37.116, 36.758
2721, 37.116, 36.758
2722, 37.116, 36.758
2723, 37.106, 36.751
2724, 37.097, 36.751
2725, 37.106, 36.751
2726, 37.116, 36.751
2727, 37.106, 36.751
2728, 37.135, 36.751
2729, 37.116, 36.751
2730, 37.106, 36.751
2731, 37.126, 36.751
2732, 37.116, 36.751
2733, 37.116, 36.751
2734, 37.106, 36.751
2735, 37.116, 36.751
2736, 37.116, 36.751
2737, 37.087, 36.758
2738, 37.135, 36.758
2739, 37.145, 36.751
2740, 37.097, 36.751
2741, 37.135, 36.758
2742, 37.145, 36.758
2743, 37.116, 36.751
2744, 37.135, 36.751
2745, 37.135, 36.751
2746, 37.116, 36.751
2747, 37.106, 36.758
2748, 37.106, 36.758
2749, 37.097, 36.751
2750, 37.106, 36.751
2751, 37.106, 36.758
2752, 37.116, 36.758
2753, 37.126, 36.758
2754, 37.129, 36.766
2755, 37.110, 36.766
2756, 37.129, 36.766
2757, 37.129, 36.766
2758, 37.120, 36.766
2759, 37.120, 36.766
2760, 37.129, 36.766
2761, 37.139, 36.766
2762, 37.129, 36.766
2763, 37.148, 36.773
2764, 37.139, 36.773
2765, 37.110, 36.766
2766, 37.120, 36.766
2767, 37.129, 36.773
2768, 37.139, 36.773
2769, 37.148, 36.773
2770, 37.129, 36.773
2771, 37.129, 36.773
2772, 37.139, 36.773
2773, 37.148, 36.773
2774, 37.139, 36.773
2775, 37.120, 36.773
2776, 37.110, 36.773
2777, 37.139, 36.766
2778, 37.148, 36.766
2779, 37.129, 36.766
2780, 37.116, 36.758
2781, 37.120, 36.765
2782, 37.129, 36.773
2783, 37.148, 36.773
2784, 37.139, 36.765
2785, 37.126, 36.758
2786, 37.139, 36.766
2787, 37.120, 36.766
2788, 37.120, 36.766
2789, 37.120, 36.773
2790, 37.120, 36.773
2791, 37.139, 36.773
2792, 37.148, 36.773
2793, 37.120, 36.766
2794, 37.110, 36.766
2795, 37.139, 36.773
2796, 37.139, 36.773
2797, 37.139, 36.773
2798, 37.100, 36.773
2799, 37.100, 36.773
2800, 37.129, 36.773
2801, 37.139, 36.766
2802, 37.148, 36.766
2803, 37.148, 36.766
2804, 37.148, 36.766
2805, 37.177, 36.773
2806, 37.148, 36.773
2807, 37.129, 36.773
2808, 37.110, 36.773
2809, 37.100, 36.773
2810, 37.110, 36.773
2811, 37.123, 36.780
2812, 37.133, 36.780
2813, 37.110, 36.773
2814, 37.110, 36.773
2815, 37.110, 36.773
2816, 37.100, 36.773
2817, 37.139, 36.773
2818, 37.158, 36.773
2819, 37.129, 36.773
2820, 37.110, 36.773
2821, 37.110, 36.773
2822, 37.148, 36.773
2823, 37.148, 36.773
2824, 37.100, 36.773
2825, 37.129, 36.773
2826, 37.139, 36.773
2827, 37.129, 36.773
2828, 37.139, 36.773
2829, 37.129, 36.766
2830, 37.139, 36.766
2831, 37.133, 36.780
2832, 37.123, 36.780
2833, 37.120, 36.773
2834, 37.120, 36.773
2835, 37.129, 36.773
2836, 37.171, 36.780
2837, 37.181, 36.787
2838, 37.152, 36.787
2839, 37.152, 36.780
2840, 37.162, 36.780
2841, 37.142, 36.787
2842, 37.142, 36.787
2843, 37.142, 36.780
2844, 37.142, 36.780
2845, 37.171, 36.780
2846, 37.142, 36.780
2847, 37.133, 36.787
2848, 37.142, 36.787
2849, 37.142, 36.787
2850, 37.152, 36.787
2851, 37.142, 36.787
2852, 37.133, 36.787
2853, 37.133, 36.780
2854, 37.123, 36.780
2855, 37.133, 36.787
2856, 37.123, 36.787
2857, 37.123, 36.787
2858, 37.133, 36.787
2859, 37.114, 36.780
2860, 37.123, 36.780
2861, 37.162, 36.787
2862, 37.162, 36.787
2863, 37.142, 36.787
2864, 37.152, 36.787
2865, 37.133, 36.787
2866, 37.114, 36.787
2867, 37.133, 36.787
2868, 37.123, 36.787
2869, 37.114, 36.787
2870, 37.123, 36.787
2871, 37.114, 36.787
2872, 37.123, 36.787
2873, 37.123, 36.787
2874, 37.123, 36.787
2875, 37.123, 36.787
2876, 37.114, 36.787
2877, 37.123, 36.787
2878, 37.142, 36.787
2879, 37.133, 36.787
2880, 37.123, 36.787
2881, 37.123, 36.787
2882, 37.133, 36.787
2883, 37.123, 36.787
2884, 37.104, 36.787
2885, 37.114, 36.787
2886, 37.123, 36.787
2887, 37.123, 36.787
2888, 37.133, 36.787
2889, 37.142, 36.787
2890, 37.133, 36.787
2891, 37.133, 36.787
2892, 37.133, 36.787
2893, 37.114, 36.787
2894, 37.133, 36.787
2895, 37.133, 36.787
2896, 37.123, 36.787
2897, 37.123, 36.787
2898, 37.085, 36.787
2899, 37.114, 36.787
2900, 37.175, 36.795
2901, 37.165, 36.795
2902, 37.156, 36.795
2903, 37.146, 36.795
2904, 37.127, 36.795
2905, 37.127, 36.795
2906, 37.146, 36.795
2907, 37.146, 36.795
2908, 37.156, 36.795
2909, 37.156, 36.795
2910, 37.146, 36.795
2911, 37.136, 36.795
2912, 37.127, 36.795
2913, 37.136, 36.795
2914, 37.146, 36.795
2915, 37.146, 36.795
2916, 37.127, 36.795
2917, 37.127, 36.795
2918, 37.136, 36.795
2919, 37.146, 36.795
2920, 37.146, 36.795
2921, 37.156, 36.795
2922, 37.136, 36.795
2923, 37.136, 36.795
2924, 37.123, 36.787
2925, 37.123, 36.787
2926, 37.146, 36.795
2927, 37.146, 36.795
2928, 37.127, 36.795
2929, 37.127, 36.795
2930, 37.156, 36.795
2931, 37.146, 36.802
2932, 37.136, 36.802
2933, 37.146, 36.795
2934, 37.165, 36.795
2935, 37.156, 36.802
2936, 37.136, 36.802
2937, 37.127, 36.802
2938, 37.127, 36.802
2939, 37.127, 36.802
2940, 37.136, 36.802
2941, 37.127, 36.802
2942, 37.098, 36.802
2943, 37.117, 36.802
2944, 37.117, 36.802
2945, 37.136, 36.802
2946, 37.165, 36.802
2947, 37.175, 36.795
2948, 37.156, 36.795
2949, 37.117, 36.795
2950, 37.108, 36.795
2951, 37.108, 36.802
2952, 37.117, 36.802
2953, 37.117, 36.802
2954, 37.127, 36.802
2955, 37.108, 36.802
2956, 37.108, 36.802
2957, 37.108, 36.795
2958, 37.104, 36.787
2959, 37.114, 36.787
2960, 37.104, 36.787
2961, 37.123, 36.787
2962, 37.152, 36.787
2963, 37.142, 36.787
2964, 37.123, 36.787
2965, 37.127, 36.794
2966, 37.127, 36.794
2967, 37.123, 36.787
2968, 37.123, 36.787
2969, 37.123, 36.787
2970, 37.123, 36.787
2971, 37.114, 36.787
2972, 37.123, 36.787
2973, 37.123, 36.787
2974, 37.114, 36.787
2975, 37.133, 36.787
2976, 37.133, 36.787
2977, 37.123, 36.787
2978, 37.104, 36.787
2979, 37.104, 36.787
2980, 37.133, 36.787
2981, 37.133, 36.787
2982, 37.133, 36.787
2983, 37.133, 36.787
2984, 37.146, 36.795
2985, 37.165, 36.795
2986, 37.146, 36.795
2987, 37.146, 36.802
2988, 37.136, 36.802
2989, 37.127, 36.802
2990, 37.127, 36.802
2991, 37.136, 36.802
2992, 37.156, 36.802
2993, 37.146, 36.795
2994, 37.136, 36.795
2995, 37.146, 36.802
2996, 37.136, 36.802
2997, 37.117, 36.795
2998, 37.098, 36.795
2999, 37.117, 36.795
3000, 37.146, 36.795
3001, 37.127, 36.802
3002, 37.136, 36.802
3003, 37.127, 36.795
3004, 37.127, 36.795
3005, 37.146, 36.802
3006, 37.136, 36.802
3007, 37.146, 36.802
3008, 37.146, 36.802
3009, 37.136, 36.802
3010, 37.127, 36.802
3011, 37.146, 36.802
3012, 37.165, 36.802
3013, 37.136, 36.802
3014, 37.136, 36.802
3015, 37.127, 36.802
3016, 37.146, 36.802
3017, 37.156, 36.802
3018, 37.165, 36.802
3019, 37.156, 36.802
3020, 37.117, 36.802
3021, 37.127, 36.802
3022, 37.146, 36.802
3023, 37.165, 36.802
3024, 37.165, 36.802
3025, 37.146, 36.802
3026, 37.127, 36.802
3027, 37.121, 36.809
3028, 37.121, 36.809
3029, 37.127, 36.802
3030, 37.127, 36.802
3031, 37.127, 36.802
3032, 37.127, 36.802
3033, 37.146, 36.802
3034, 37.165, 36.802
3035, 37.165, 36.802
3036, 37.156, 36.802
3037, 37.188, 36.809
3038, 37.188, 36.809
3039, 37.146, 36.802
3040, 37.117, 36.802
3041, 37.117, 36.802
3042, 37.146, 36.802
3043, 37.169, 36.809
3044, 37.159, 36.816
3045, 37.159, 36.816
3046, 37.169, 36.816
3047, 37.169, 36.809
3048, 37.150, 36.809
3049, 37.121, 36.816
3050, 37.130, 36.816
3051, 37.150, 36.809
3052, 37.169, 36.809
3053, 37.169, 36.816
3054, 37.150, 36.816
3055, 37.159, 36.816
3056, 37.150, 36.816
3057, 37.159, 36.816
3058, 37.159, 36.816
3059, 37.140, 36.816
3060, 37.159, 36.816
3061, 37.159, 36.816
3062, 37.140, 36.816
3063, 37.140, 36.816
3064, 37.140, 36.816
3065, 37.150, 36.816
3066, 37.150, 36.816
3067, 37.140, 36.816
3068, 37.130, 36.816
3069, 37.121, 36.816
3070, 37.150, 36.816
3071, 37.159, 36.816
3072, 37.150, 36.816
3073, 37.159, 36.816
3074, 37.179, 36.816
3075, 37.169, 36.816
3076, 37.159, 36.816
3077, 37.159, 36.816
3078, 37.159, 36.816
3079, 37.150, 36.816
3080, 37.140, 36.816
3081, 37.159, 36.816
3082, 37.188, 36.816
3083, 37.169, 36.816
3084, 37.140, 36.816
3085, 37.159, 36.816
3086, 37.150, 36.816
3087, 37.169, 36.816
3088, 37.188, 36.816
3089, 37.159, 36.816
3090, 37.130, 36.816
3091, 37.150, 36.816
3092, 37.188, 36.816
3093, 37.188, 36.816
3094, 37.159, 36.816
3095, 37.140, 36.816
3096, 37.140, 36.816
3097, 37.130, 36.816
3098, 37.150, 36.816
3099, 37.173, 36.823
3100, 37.173, 36.823
3101, 37.169, 36.816
3102, 37.179, 36.816
3103, 37.150, 36.816
3104, 37.159, 36.816
3105, 37.150, 36.816
3106, 37.140, 36.816
3107, 37.182, 36.823
3108, 37.173, 36.823
3109, 37.159, 36.816
3110, 37.150, 36.816
3111, 37.163, 36.823
3112, 37.163, 36.823
3113, 37.140, 36.816
3114, 37.159, 36.816
3115, 37.188, 36.816
3116, 37.188, 36.816
3117, 37.159, 36.816
3118, 37.150, 36.816
3119, 37.150, 36.816
3120, 37.159, 36.816
3121, 37.188, 36.816
3122, 37.188, 36.816
3123, 37.159, 36.816
3124, 37.140, 36.816
3125, 37.130, 36.816
3126, 37.140, 36.816
3127, 37.159, 36.816
3128, 37.169, 36.816
3129, 37.169, 36.816
3130, 37.140, 36.816
3131, 37.144, 36.823
3132, 37.163, 36.823
3133, 37.163, 36.823
3134, 37.173, 36.823
3135, 37.150, 36.816
3136, 37.169, 36.816
3137, 37.188, 36.816
3138, 37.198, 36.816
3139, 37.179, 36.816
3140, 37.150, 36.816
3141, 37.159, 36.816
3142, 37.169, 36.816
3143, 37.159, 36.816
3144, 37.150, 36.816
3145, 37.150, 36.816
3146, 37.159, 36.816
3147, 37.140, 36.816
3148, 37.140, 36.816
3149, 37.169, 36.816
3150, 37.159, 36.816
3151, 37.173, 36.823
3152, 37.163, 36.823
3153, 37.163, 36.823
3154, 37.173, 36.823
3155, 37.163, 36.823
3156, 37.182, 36.823
3157, 37.192, 36.823
3158, 37.173, 36.823
3159, 37.150, 36.816
3160, 37.169, 36.816
3161, 37.188, 36.816
3162, 37.179, 36.816
3163, 37.182, 36.823
3164, 37.173, 36.823
3165, 37.173, 36.823
3166, 37.163, 36.823
3167, 37.182, 36.823
3168, 37.173, 36.823
3169, 37.163, 36.823
3170, 37.195, 36.831
3171, 37.163, 36.823
3172, 37.153, 36.823
3173, 37.163, 36.823
3174, 37.182, 36.823
3175, 37.186, 36.831
3176, 37.167, 36.831
3177, 37.176, 36.831
3178, 37.195, 36.831
3179, 37.195, 36.831
3180, 37.182, 36.823
3181, 37.163, 36.823
3182, 37.153, 36.823
3183, 37.173, 36.823
3184, 37.173, 36.823
3185, 37.163, 36.823
3186, 37.163, 36.823
3187, 37.144, 36.823
3188, 37.153, 36.823
3189, 37.182, 36.823
3190, 37.192, 36.823
3191, 37.153, 36.823
3192, 37.144, 36.823
3193, 37.192, 36.823
3194, 37.201, 36.823
3195, 37.201, 36.823
3196, 37.182, 36.823
3197, 37.153, 36.823
3198, 37.163, 36.823
3199, 37.182, 36.823
3200, 37.192, 36.823
3201, 37.188, 36.816
3202, 37.188, 36.816
3203, 37.201, 36.823
3204, 37.192, 36.823
3205, 37.182, 36.823
3206, 37.173, 36.823
3207, 37.163, 36.823
3208, 37.153, 36.823
3209, 37.163, 36.823
3210, 37.182, 36.823
3211, 37.182, 36.823
3212, 37.173, -2240.000
3213, 37.173, 36.823
3214, 37.182, 36.823
3215, 37.173, 36.823
3216, 37.201, 36.823
3217, 37.230, 36.823
3218, 37.201, 36.823
3219, 37.173, 36.823
3220, 37.182, 36.823
3221, 37.182, 36.823
3222, 37.192, 36.823
3223, 37.182, 36.823
3224, 37.195, 36.831
3225, 37.186, 36.838
3226, 37.157, 36.838
3227, 37.176, 36.838
3228, 37.215, 36.830
3229, 37.211, 36.823
3230, 37.215, 36.831
3231, 37.205, 36.838
3232, 37.176, 36.838
3233, 37.167, 36.831
3234, 37.163, 36.823
3235, 37.173, 36.823
3236, 37.195, 36.831
3237, 37.205, 36.831
3238, 37.173, 36.823
3239, 37.144, 36.823
3240, 37.167, 36.831
3241, 37.186, 36.838
3242, 37.195, 36.838
3243, 37.195, 36.838
3244, 37.176, 36.838
3245, 37.167, 36.838
3246, 37.147, 36.838
3247, 37.186, 36.831
3248, 37.215, 36.831
3249, 37.186, 36.831
3250, 37.186, 36.831
3251, 37.195, 36.831
3252, 37.186, 36.831
3253, 37.176, 36.838
3254, 37.195, 36.838
3255, 37.215, 36.838
3256, 37.205, 36.838
3257, 37.186, 36.838
3258, 37.186, 36.838
3259, 37.195, 36.831
3260, 37.234, 36.831
3261, 37.224, 36.831
3262, 37.182, 36.823
3263, 37.182, 36.823
3264, 37.176, 36.831
3265, 37.195, 36.838
3266, 37.195, 36.838
3267, 37.176, 36.838
3268, 37.186, 36.838
3269, 37.167, 36.838
3270, 37.176, 36.838
3271, 37.186, 36.831
3272, 37.176, 36.831
3273, 37.176, 36.838
3274, 37.205, 36.838
3275, 37.195, 36.838
3276, 37.167, 36.838
3277, 37.176, 36.838
3278, 37.195, 36.838
3279, 37.157, 36.838
3280, 37.157, 36.838
3281, 37.186, 36.838
3282, 37.186, 36.838
3283, 37.186, 36.838
3284, 37.186, 36.838
3285, 37.195, 36.838
3286, 37.195, 36.838
3287, 37.205, 36.838
3288, 37.205, 36.838
3289, 37.176, 36.838
3290, 37.186, 36.838
3291, 37.195, 36.838
3292, 37.195, 36.838
3293, 37.176, 36.838
3294, 37.176, 36.838
3295, 37.195, 36.838
3296, 37.195, 36.838
3297, 37.167, 36.838
3298, 37.147, 36.838
3299, 37.176, 36.838
3300, 37.195, 36.838
3301, 37.167, 36.838
3302, 37.186, 36.838
3303, 37.205, 36.838
3304, 37.205, 36.838
3305, 37.186, 36.838
3306, 37.176, 36.838
3307, 37.205, 36.838
3308, 37.205, 36.838
3309, 37.195, 36.838
3310, 37.195, 36.838
3311, 37.186, -945.000
3312, 37.186, 36.838
3313, 37.195, 36.838
3314, 37.186, 36.838
3315, 37.170, 36.845
3316, 37.170, 36.845
3317, 37.189, 36.845
3318, 37.189, 36.845
3319, 37.189, 36.845
3320, 37.189, 36.845
3321, 37.195, 36.838
3322, 37.195, 36.838
3323, 37.199, 36.845
3324, 37.209, 36.845
3325, 37.199, 36.845
3326, 37.180, 36.845
3327, 37.189, 36.845
3328, 37.209, 36.845
3329, 37.209, 36.845
3330, 37.228, 36.845
3331, 37.224, 36.838
3332, 37.205, 36.838
3333, 37.186, 36.838
3334, 37.199, 36.845
3335, 37.209, 36.845
3336, 37.199, 36.845
3337, 37.199, 36.852
3338, 37.189, 36.852
3339, 37.199, 36.852
3340, 37.218, 36.852
3341, 37.199, 36.852
3342, 37.170, 36.852
3343, 37.170, 36.852
3344, 37.170, 36.845
3345, 37.180, 36.845
3346, 37.199, 36.852
3347, 37.218, 36.852
3348, 37.238, 36.852
3349, 37.218, 36.852
3350, 37.189, 36.852
3351, 37.180, 36.845
3352, 37.161, 36.845
3353, 37.151, 36.852
3354, 37.141, 36.852
3355, 37.161, 36.852
3356, 37.170, 36.845
3357, 37.180, 36.845
3358, 37.180, 36.845
3359, 37.180, 36.845
3360, 37.199, 36.852
3361, 37.189, 36.852
3362, 37.209, 36.852
3363, 37.228, 36.845
3364, 37.218, 36.845
3365, 37.180, 36.845
3366, 37.189, 36.845
3367, 37.189, 36.852
3368, 37.180, 36.852
3369, 37.189, 36.852
3370, 37.199, 36.852
3371, 37.199, 36.845
3372, 37.199, 36.845
3373, 37.199, 36.852
3374, 37.180, 36.852
3375, 37.180, 36.845
3376, 37.189, 36.845
3377, 37.180, 36.852
3378, 37.170, 36.852
3379, 37.180, 36.852
3380, 37.189, 36.852
3381, 37.189, 36.852
3382, 37.199, 36.852
3383, 37.189, 36.852
3384, 37.170, 36.852
3385, 37.170, 36.852
3386, 37.170, 36.852
3387, 37.189, 36.852
3388, 37.189, 36.852
3389, 37.180, 36.845
3390, 37.199, 36.845
3391, 37.199, 36.852
3392, 37.209, 36.852
3393, 37.189, 36.852
3394, 37.170, 36.852
3395, 37.193, 36.859
3396, 37.193, 36.859
3397, 37.170, 36.852
3398, 37.180, 36.852
3399, 37.180, 36.852
3400, 37.170, 36.852
3401, 37.170, 36.852
3402, 37.189, 36.852
3403, 37.189, 36.852
3404, 37.180, 36.852
3405, 37.209, 36.852
3406, 37.199, 36.852
3407, 37.193, 36.859
3408, 37.193, 36.859
3409, 37.170, 36.852
3410, 37.189, 36.852
3411, 37.209, 36.852
3412, 37.218, 36.852
3413, 37.218, 36.852
3414, 37.218, 36.852
3415, 37.218, 36.852
3416, 37.199, 36.852
3417, 37.180, 36.852
3418, 37.189, 36.852
3419, 37.218, 36.852
3420, 37.228, 36.852
3421, 37.209, 36.852
3422, 37.199, 36.852
3423, 37.203, 36.859
3424, 37.212, 36.859
3425, 37.199, 36.852
3426, 37.189, 36.852
3427, 37.189, 36.852
3428, 37.180, 36.852
3429, 37.170, 36.852
3430, 37.189, 36.852
3431, 37.209, 36.852
3432, 37.199, 36.852
3433, 37.218, 36.852
3434, 37.228, 36.852
3435, 37.209, 36.852
3436, 37.209, 36.852
3437, 37.209, 36.852
3438, 37.199, 36.852
3439, 37.222, 36.859
3440, 37.222, 36.859
3441, 37.222, 36.859
3442, 37.222, 36.859
3443, 37.180, 36.852
3444, 37.180, 36.852
3445, 37.232, 36.859
3446, 37.232, 36.859
3447, 37.209, 36.852
3448, 37.218, 36.852
3449, 37.218, 36.852
3450, 37.218, 36.852
3451, 37.232, 36.859
3452, 37.222, 36.859
3453, 37.232, 36.859
3454, 37.222, 36.859
3455, 37.222, 36.859
3456, 37.241, 36.859
3457, 37.251, 36.859
3458, 37.241, 36.859
3459, 37.218, 36.852
3460, 37.228, 36.852
3461, 37.222, 36.859
3462, 37.232, 36.859
3463, 37.241, 36.859
3464, 37.232, 36.859
3465, 37.232, 36.859
3466, 37.222, 36.859
3467, 37.212, 36.859
3468, 37.251, 36.859
3469, 37.270, 36.859
3470, 37.251, 36.859
3471, 37.232, 36.859
3472, 37.222, 36.859
3473, 37.212, 36.859
3474, 37.212, 36.859
3475, 37.222, 36.859
3476, 37.232, 36.859
3477, 37.232, 36.859
3478, 37.212, 36.859
3479, 37.212, 36.859
3480, 37.232, 36.867
3481, 37.222, 36.867
3482, 37.212, 36.859
3483, 37.232, 36.859
3484, 37.251, 36.859
3485, 37.251, 36.859
3486, 37.260, 36.859
3487, 37.241, 36.859
3488, 37.212, 36.859
3489, 37.222, 36.859
3490, 37.222, 36.867
3491, 37.241, 36.867
3492, 37.251, 36.859
3493, 37.232, 36.866
3494, 37.241, 36.866
3495, 37.232, 36.859
3496, 37.203, 36.867
3497, 37.203, 36.867
3498, 37.241, 36.859
3499, 37.222, 36.859
3500, 37.193, 36.859
3501, 37.193, 36.859
3502, 37.203, 36.859
3503, 37.203, 36.859
3504, 37.212, 36.859
3505, 37.241, 36.859
3506, 37.232, 36.859
3507, 37.203, 36.859
3508, 37.232, 36.859
3509, 37.251, 36.859
3510, 37.232, 36.859
3511, 37.232, 36.859
3512, 37.232, 36.859
3513, 37.203, 36.859
3514, 37.212, 36.859
3515, 37.251, 36.859
3516, 37.251, 36.859
3517, 37.241, 36.859
3518, 37.241, 36.859
3519, 37.241, 36.859
3520, 37.241, 36.859
3521, 37.212, 36.866
3522, 37.212, 36.866
3523, 37.241, 36.859
3524, 37.212, 36.859
3525, 37.212, 36.859
3526, 37.251, 36.859
3527, 37.232, 36.866
3528, 37.222, 36.866
3529, 37.222, 36.859
3530, 37.222, 36.859
3531, 37.251, 36.859
3532, 37.222, 36.859
3533, 37.212, 36.859
3534, 37.241, 36.859
3535, 37.232, 36.859
3536, 37.222, 36.859
3537, 37.222, 36.859
3538, 37.203, 36.859
3539, 37.222, 36.859
3540, 37.232, 36.859
3541, 37.232, 36.859
3542, 37.251, 36.859
3543, 37.260, 36.859
3544, 37.251, 36.859
3545, 37.241, 36.859
3546, 37.251, 36.859
3547, 37.241, 36.859
3548, 37.232, 36.859
3549, 37.232, 36.859
3550, 37.241, 36.859
3551, 37.241, 36.859
3552, 37.212, 36.859
3553, 37.222, 36.859
3554, 37.212, 36.859
3555, 37.212, 36.859
3556, 37.222, 36.859
3557, 37.222, 36.859
3558, 37.241, 36.859
3559, 37.222, 36.859
3560, 37.232, 36.859
3561, 37.241, 36.859
3562, 37.251, 36.859
3563, 37.251, 36.859
3564, 37.222, 36.859
3565, 37.232, 36.859
3566, 37.241, 36.859
3567, 37.251, 36.859
3568, 37.232, 36.859
3569, 37.212, 36.859
3570, 37.222, 36.859
3571, 37.222, 36.859
3572, 37.260, 36.859
3573, 37.270, 36.859
3574, 37.241, 36.859
3575, 37.251, 36.859
3576, 37.260, 36.859
3577, 37.251, 36.859
3578, 37.222, 36.859
3579, 37.199, 36.852
3580, 37.199, 36.852
3581, 37.232, 36.859
3582, 37.241, 36.859
3583, 37.232, 36.859
3584, 37.212, 36.859
3585, 37.203, 36.859
3586, 37.241, 36.859
3587, 37.228, 36.852
3588, 37.218, 36.845
3589, 37.238, 36.845
3590, 37.228, 36.845
3591, 37.199, 36.845
3592, 37.209, 36.845
3593, 37.218, 36.845
3594, 37.228, 36.845
3595, 37.218, 36.845
3596, 37.228, 36.845
3597, 37.238, 36.845
3598, 37.209, 36.845
3599, 37.209, 36.845
3600, 37.199, 36.845
3601, 37.199, 36.845
3602, 37.218, 36.845
3603, 37.218, 36.845
3604, 37.199, 36.845
3605, 37.209, 36.845
3606, 37.218, 36.845
3607, 37.218, 36.845
3608, 37.218, 36.845
3609, 37.209, 36.845
3610, 37.238, 36.845
3611, 37.228, 36.845
3612, 37.199, 36.845
3613, 37.209, 36.845
3614, 37.238, 36.845
3615, 37.238, 36.845
3616, 37.228, 36.845
3617, 37.218, 36.845
3618, 37.218, 36.845
3619, 37.238, 36.845
3620, 37.247, 36.845
3621, 37.218, 36.845
3622, 37.209, 36.845
3623, 37.209, 36.845
3624, 37.228, 36.845
3625, 37.228, 36.845
3626, 37.209, 36.845
3627, 37.218, 36.845
3628, 37.228, 36.845
3629, 37.209, 36.845
3630, 37.199, 36.845
3631, 37.195, 36.838
3632, 37.195, 36.838
3633, 37.189, 36.845
3634, 37.189, 36.845
3635, 37.195, 36.838
3636, 37.215, 36.838
3637, 37.238, 36.845
3638, 37.228, 36.845
3639, 37.224, 36.838
3640, 37.224, 36.838
3641, 37.224, 36.838
3642, 37.215, 36.838
3643, 37.218, 36.845
3644, 37.218, 36.845
3645, 37.218, 36.845
3646, 37.209, 36.845
3647, 37.205, 36.838
3648, 37.215, 36.838
3649, 37.205, 36.838
3650, 37.205, 36.838
3651, 37.215, 36.838
3652, 37.224, 36.838
3653, 37.234, 36.838
3654, 37.224, 36.838
3655, 37.238, 36.845
3656, 37.218, 36.845
3657, 37.186, 36.838
3658, 37.205, 36.838
3659, 37.224, 36.838
3660, 37.205, 36.838
3661, 37.186, 36.838
3662, 37.215, 36.838
3663, 37.215, 36.838
3664, 37.195, 36.838
3665, 37.205, 36.838
3666, 37.205, 36.838
3667, 37.176, 36.838
3668, 37.195, 36.838
3669, 37.195, 36.838
3670, 37.176, 36.830
3671, 37.186, 36.830
3672, 37.195, 36.830
3673, 37.195, 36.830
3674, 37.205, 36.830
3675, 37.224, 36.830
3676, 37.215, 36.838
3677, 37.195, 36.838
3678, 37.215, 36.830
3679, 37.224, 36.830
3680, 37.195, 36.838
3681, 37.205, 36.838
3682, 37.205, 36.830
3683, 37.176, 36.830
3684, 37.186, 36.838
3685, 37.195, 36.838
3686, 37.186, 36.830
3687, 37.195, 36.830
3688, 37.224, 36.830
3689, 37.215, 36.830
3690, 37.205, 36.830
3691, 37.211, 36.823
3692, 37.211, 36.823
3693, 37.221, 36.823
3694, 37.211, 36.823
3695, 37.182, 36.823
3696, 37.173, 36.823
3697, 37.173, 36.823
3698, 37.173, 36.823
3699, 37.173, 36.823
3700, 37.192, 36.823
3701, 37.173, 36.823
3702, 37.173, 36.823
3703, 37.201, 36.823
3704, 37.201, 36.823
3705, 37.192, 36.823
3706, 37.182, 36.823
3707, 37.192, 36.823
3708, 37.201, 36.823
3709, 37.201, 36.823
3710, 37.211, 36.823
3711, 37.221, 36.823
3712, 37.201, 36.823
3713, 37.182, 36.823
3714, 37.192, 36.823
3715, 37.201, 36.823
3716, 37.182, 36.823
3717, 37.192, 36.823
3718, 37.192, 36.823
3719, 37.173, 36.823
3720, 37.192, 36.823
3721, 37.201, 36.823
3722, 37.211, 36.823
3723, 37.221, 36.823
3724, 37.192, 36.823
3725, 37.173, 36.823
3726, 37.163, 36.823
3727, 37.182, 36.823
3728, 37.182, 36.823
3729, 37.182, 36.823
3730, 37.169, 36.816
3731, 37.179, 36.816
3732, 37.198, 36.816
3733, 37.188, 36.816
3734, 37.188, 36.816
3735, 37.169, 36.816
3736, 37.159, 36.816
3737, 37.159, 36.816
3738, 37.159, 36.816
3739, 37.150, 36.809
3740, 37.150, 36.809
3741, 37.159, 36.816
3742, 37.169, 36.816
3743, 37.179, 36.816
3744, 37.159, 36.816
3745, 37.150, 36.816
3746, 37.179, 36.816
3747, 37.188, 36.809
3748, 37.179, 36.809
3749, 37.169, 36.809
3750, 37.179, 36.809
3751, 37.198, 36.809
3752, 37.188, 36.809
3753, 37.159, 36.809
3754, 37.169, 36.809
3755, 37.198, 36.809
3756, 37.194, 36.801
3757, 37.185, 36.794
3758, 37.162, 36.787
3759, 37.152, 36.787
3760, 37.152, 36.787
3761, 37.152, 36.787
3762, 37.162, 36.787
3763, 37.162, 36.787
3764, 37.162, 36.787
3765, 37.162, 36.787
3766, 37.142, 36.787
3767, 37.142, 36.787
3768, 37.152, 36.787
3769, 37.181, 36.787
3770, 37.171, 36.787
3771, 37.133, 36.787
3772, 37.152, 36.787
3773, 37.152, 36.787
3774, 37.133, 36.787
3775, 37.152, 36.787
3776, 37.162, 36.787
3777, 37.142, 36.787
3778, 37.162, 36.787
3779, 37.190, 36.787
3780, 37.171, 36.787
3781, 37.181, 36.787
3782, 37.181, 36.787
3783, 37.152, 36.787
3784, 37.152, 36.787
3785, 37.152, 36.780
3786, 37.129, 36.772
3787, 37.129, 36.772
3788, 37.148, 36.772
3789, 37.148, 36.772
3790, 37.129, 36.772
3791, 37.148, 36.772
3792, 37.148, 36.772
3793, 37.148, 36.772
3794, 37.168, 36.772
3795, 37.120, 36.772
3796, 37.110, 36.772
3797, 37.162, 36.780
3798, 37.171, 36.780
3799, 37.139, 36.772
3800, 37.148, 36.772
3801, 37.168, 36.772
3802, 37.158, 36.772
3803, 37.148, 36.772
3804, 37.158, 36.772
3805, 37.158, 36.772
3806, 37.148, 36.772
3807, 37.129, 36.772
3808, 37.158, 36.772
3809, 37.158, 36.772
3810, 37.120, 36.772
3811, 37.129, 36.772
3812, 37.139, 36.765
3813, 37.120, 36.765
3814, 37.129, 36.765
3815, 37.139, 36.765
3816, 37.148, 36.765
3817, 37.145, 36.758
3818, 37.116, 36.758
3819, 37.126, 36.758
3820, 37.145, 36.758
3821, 37.126, 36.758
3822, 37.106, 36.758
3823, 37.120, 36.765
3824, 37.148, 36.765
3825, 37.135, 36.758
3826, 37.106, 36.758
3827, 37.126, 36.758
3828, 37.126, 36.758
3829, 37.139, 36.765
3830, 37.148, 36.765
3831, 37.145, 36.758
3832, 37.154, 36.758
3833, 37.145, 36.758
3834, 37.145, 36.758
3835, 37.116, 36.758
3836, 37.087, 36.758
3837, 37.097, 36.758
3838, 37.126, 36.758
3839, 37.145, 36.758
3840, 37.145, 36.758
3841, 37.126, 36.751
3842, 37.093, 36.744
3843, 37.093, 36.744
3844, 37.103, 36.744
3845, 37.112, 36.744
3846, 37.122, 36.744
3847, 37.122, 36.744
3848, 37.112, 36.744
3849, 37.126, 36.751
3850, 37.126, 36.751
3851, 37.126, 36.751
3852, 37.116, 36.751
3853, 37.112, 36.744
3854, 37.132, 36.744
3855, 37.112, 36.744
3856, 37.093, 36.744
3857, 37.083, 36.744
3858, 37.112, 36.744
3859, 37.122, 36.744
3860, 37.112, 36.744
3861, 37.122, 36.744
3862, 37.132, 36.744
3863, 37.103, 36.744
3864, 37.103, 36.744
3865, 37.122, 36.744
3866, 37.112, 36.744
3867, 37.099, 36.736
3868, 37.099, 36.729
3869, 37.099, 36.729
3870, 37.109, 36.729
3871, 37.080, 36.736
3872, 37.070, 36.736
3873, 37.089, 36.729
3874, 37.080, 36.729
3875, 37.080, 36.729
3876, 37.080, 36.729
3877, 37.070, 36.729
3878, 37.099, 36.729
3879, 37.099, 36.729
3880, 37.070, 36.729
3881, 37.070, 36.729
3882, 37.089, 36.729
3883, 37.099, 36.729
3884, 37.109, 36.729
3885, 37.109, 36.729
3886, 37.099, 36.729
3887, 37.086, 36.722
3888, 37.076, 36.722
3889, 37.070, 36.729
3890, 37.080, 36.729
3891, 37.076, 36.722
3892, 37.047, 36.722
3893, 37.070, 36.729
3894, 37.099, 36.729
3895, 37.089, 36.729
3896, 37.076, 36.722
3897, 37.086, 36.715
3898, 37.095, 36.715
3899, 37.067, 36.715
3900, 37.038, 36.715
3901, 37.086, 36.715
3902, 37.095, 36.715
3903, 37.067, 36.722
3904, 37.076, 36.722
3905, 37.095, 36.715
3906, 37.095, 36.715
3907, 37.086, 36.715
3908, 37.067, 36.715
3909, 37.067, 36.715
3910, 37.086, 36.715
3911, 37.086, 36.715
3912, 37.095, 36.715
3913, 37.115, 36.715
3914, 37.095, 36.715
3915, 37.095, 36.715
3916, 37.105, 36.715
3917, 37.067, 36.715
3918, 37.047, 36.715
3919, 37.067, 36.715
3920, 37.067, 36.715
3921, 37.076, 36.715
3922, 37.095, 36.715
3923, 37.095, 36.715
3924, 37.105, 36.715
3925, 37.105, 36.715
3926, 37.086, 36.715
3927, 37.076, 36.715
3928, 37.105, 36.715
3929, 37.086, 36.715
3930, 37.047, 36.715
3931, 37.076, 36.715
3932, 37.067, 36.715
3933, 37.067, 36.715
3934, 37.086, 36.715
3935, 37.072, 36.708
3936, 37.082, 36.708
3937, 37.086, 36.715
3938, 37.063, 36.707
3939, 37.082, 36.700
3940, 37.072, 36.700
3941, 37.063, 36.707
3942, 37.063, 36.707
3943, 37.072, 36.700
3944, 37.082, 36.700
3945, 37.082, 36.700
3946, 37.063, 36.700
3947, 37.082, 36.700
3948, 37.111, 36.700
3949, 37.092, 36.700
3950, 37.082, 36.700
3951, 37.072, 36.700
3952, 37.072, 36.700
3953, 37.072, 36.700
3954, 37.063, 36.700
3955, 37.034, 36.700
3956, 37.063, 36.700
3957, 37.072, 36.707
3958, 37.034, 36.707
3959, 37.063, 36.700
3960, 37.082, 36.700
3961, 37.063, 36.700
3962, 37.063, 36.700
3963, 37.072, 36.700
3964, 37.082, 36.700
3965, 37.072, 36.700
3966, 37.063, 36.700
3967, 37.059, 36.693
3968, 37.069, 36.693
3969, 37.082, 36.700
3970, 37.072, 36.700
3971, 37.072, 36.700
3972, 37.072, 36.700
3973, 37.072, 36.700
3974, 37.053, 36.700
3975, 37.053, 36.700
3976, 37.082, 36.700
3977, 37.092, 36.700
3978, 37.101, 36.700
3979, 37.072, 36.700
3980, 37.072, 36.700
3981, 37.092, 36.700
3982, 37.082, 36.700
3983, 37.063, 36.700
3984, 37.053, 36.700
3985, 37.082, 36.707
3986, 37.101, 36.707
3987, 37.092, 36.700
3988, 37.053, 36.700
3989, 37.053, 36.700
3990, 37.072, 36.700
3991, 37.044, 36.700
3992, 37.044, 36.700
3993, 37.072, 36.700
3994, 37.072, 36.700
3995, 37.072, 36.700
3996, 37.072, 36.700
3997, 37.063, 36.700
3998, 37.063, 36.700
3999, 37.069, 36.693
4000, 37.078, 36.693
4001, 37.092, 36.700
4002, 37.092, 36.700
4003, 37.082, 36.700
4004, 37.092, 36.700
4005, 37.078, 36.693
4006, 37.088, 36.686
4007, 37.098, 36.686
4008, 37.069, 36.693
4009, 37.053, 36.700
4010, 37.063, 36.700
4011, 37.053, 36.700
4012, 37.050, 36.693
4013, 37.059, 36.693
4014, 37.078, 36.693
4015, 37.098, 36.686
4016, 37.069, 36.686
4017, 37.050, 36.693
4018, 37.088, 36.693
4019, 37.078, 36.686
4020, 37.069, 36.686
4021, 37.078, 36.686
4022, 37.069, 36.686
4023, 37.059, 36.686
4024, 37.050, 36.686
4025, 37.069, 36.686
4026, 37.069, 36.686
4027, 37.050, 36.686
4028, 37.050, 36.686
4029, 37.059, 36.686
4030, 37.078, 36.686
4031, 37.078, 36.686
4032, 37.069, 36.686
4033, 37.069, 36.686
4034, 37.078, 36.686
4035, 37.088, 36.686
4036, 37.059, 36.686
4037, 37.059, 36.686
4038, 37.078, 36.686
4039, 37.069, 36.686
4040, 37.078, 36.686
4041, 37.098, 36.686
4042, 37.088, 36.686
4043, 37.059, 36.686
4044, 37.059, 36.686
4045, 37.059, 36.686
4046, 37.078, 36.686
4047, 37.088, 36.686
4048, 37.088, 36.686
4049, 37.088, 36.686
4050, 37.078, 36.686
4051, 37.069, 36.686
4052, 37.059, 36.686
4053, 37.078, 36.686
4054, 37.069, 36.686
4055, 37.056, 36.679
4056, 37.056, 36.679
4057, 37.078, 36.686
4058, 37.059, 36.686
4059, 37.059, 36.686
4060, 37.059, 36.686
4061, 37.059, 36.686
4062, 37.078, 36.686
4063, 37.088, 36.686
4064, 37.059, 36.686
4065, 37.030, 36.686
4066, 37.040, 36.686
4067, 37.059, 36.686
4068, 37.069, 36.686
4069, 37.078, 36.686
4070, 37.059, 36.686
4071, 37.069, 36.686
4072, 37.088, 36.686
4073, 37.065, 36.679
4074, 37.075, 36.679
4075, 37.069, 36.686
4076, 37.069, 36.686
4077, 37.065, 36.679
4078, 37.065, 36.679
4079, 37.059, 36.686
4080, 37.069, 36.686
4081, 37.065, 36.679
4082, 37.065, 36.679
4083, 37.056, 36.679
4084, 37.056, 36.679
4085, 37.078, 36.686
4086, 37.059, 36.686
4087, 37.050, 36.686
4088, 37.059, 36.686
4089, 37.065, 36.679
4090, 37.065, 36.679
4091, 37.078, 36.686
4092, 37.088, 36.686
4093, 37.036, 36.679
4094, 37.046, 36.679
4095, 37.056, 36.679
4096, 37.046, 36.679
4097, 37.078, 36.686
4098, 37.088, 36.686
4099, 37.088, 36.686
4100, 37.056, 36.678
4101, 37.065, 36.678
4102, 37.084, 36.678
4103, 37.065, 36.671
4104, 37.075, 36.671
4105, 37.075, 36.671
4106, 37.046, 36.671
4107, 37.036, 36.671
4108, 37.046, 36.671
4109, 37.056, 36.671
4110, 37.065, 36.671
4111, 37.075, 36.678
4112, 37.036, 36.678
4113, 37.036, 36.671
4114, 37.036, 36.671
4115, 37.017, 36.671
4116, 37.027, 36.671
4117, 37.036, 36.671
4118, 37.056, 36.671
4119, 37.065, 36.671
4120, 37.046, 36.671
4121, 37.056, 36.671
4122, 37.065, 36.671
4123, 37.065, 36.671
4124, 37.056, 36.671
4125, 37.056, 36.671
4126, 37.056, 36.671
4127, 37.046, 36.671
4128, 37.046, 36.671
4129, 37.046, 36.671
4130, 37.065, 36.671
4131, 37.052, 36.664
4132, 37.042, 36.664
4133, 37.065, 36.671
4134, 37.056, 36.671
4135, 37.036, 36.671
4136, 37.046, 36.671
4137, 37.056, 36.671
4138, 37.056, 36.671
4139, 37.033, 36.664
4140, 37.033, 36.657
4141, 37.004, 36.657
4142, 36.994, 36.664
4143, 37.033, 36.664
4144, 37.052, 36.657
4145, 37.042, 36.657
4146, 37.023, 36.657
4147, 37.033, 36.657
4148, 37.042, 36.657
4149, 37.033, 36.657
4150, 37.033, 36.657
4151, 37.033, 36.657
4152, 37.023, 36.657
4153, 37.033, 36.657
4154, 37.052, 36.657
4155, 37.033, 36.664
4156, 37.013, 36.664
4157, 37.042, 36.657
4158, 37.052, 36.657
4159, 37.042, 36.657
4160, 37.062, 36.657
4161, 37.071, 36.657
4162, 37.042, 36.657
4163, 37.042, 36.657
4164, 37.042, 36.657
4165, 37.052, 36.657
4166, 37.062, 36.657
4167, 37.033, 36.657
4168, 37.042, 36.657
4169, 37.033, 36.657
4170, 37.033, 36.657
4171, 37.048, 36.650
4172, 37.029, 36.650
4173, 37.023, 36.657
4174, 37.033, 36.657
4175, 37.004, 36.657
4176, 37.023, 36.657
4177, 37.042, 36.664
4178, 37.023, 36.664
4179, 37.042, 36.657
4180, 37.033, 36.657
4181, 37.023, 36.657
4182, 37.033, 36.657
4183, 37.023, 36.657
4184, 37.023, 36.657
4185, 37.033, 36.657
4186, 37.033, 36.657
4187, 37.052, 36.657
4188, 37.033, 36.657
4189, 37.033, 36.657
4190, 37.062, 36.657
4191, 37.062, 36.657
4192, 37.033, 36.657
4193, 37.033, 36.657
4194, 37.048, 36.649
4195, 37.025, 36.642
4196, 37.006, 36.642
4197, 37.016, 36.642
4198, 37.016, 36.642
4199, 37.035, 36.642
4200, 37.054, 36.642
4201, 37.025, 36.642
4202, 37.025, 36.642
4203, 37.035, 36.635
4204, 37.025, 36.635
4205, 37.016, 36.642
4206, 37.006, 36.642
4207, 36.997, 36.642
4208, 37.006, 36.642
4209, 36.987, 36.642
4210, 36.997, 36.642
4211, 37.016, 36.642
4212, 37.025, 36.642
4213, 37.025, 36.642
4214, 36.997, 36.635
4215, 36.993, 36.628
4216, 37.012, 36.628
4217, 37.025, 36.635
4218, 37.035, 36.635
4219, 36.993, 36.628
4220, 36.983, 36.628
4221, 37.003, 36.628
4222, 36.993, 36.628
4223, 36.993, 36.628
4224, 37.012, 36.628
4225, 37.003, 36.628
4226, 36.993, 36.628
4227, 37.012, 36.628
4228, 36.993, 36.628
4229, 36.983, 36.628
4230, 37.003, 36.628
4231, 37.022, 36.628
4232, 37.012, 36.628
4233, 37.012, 36.628
4234, 37.022, 36.628
4235, 36.993, 36.628
4236, 37.003, 36.628
4237, 37.012, 36.628
4238, 36.993, 36.628
4239, 36.993, 36.628
4240, 36.993, 36.628
4241, 36.983, 36.621
4242, 36.974, 36.621
4243, 36.983, 36.621
4244, 36.993, 36.621
4245, 37.003, 36.621
4246, 37.003, 36.621
4247, 37.012, 36.628
4248, 37.003, 36.621
4249, 36.980, 36.613
4250, 37.031, 36.621
4251, 37.022, 36.628
4252, 36.974, 36.628
4253, 36.974, 36.621
4254, 36.983, 36.621
4255, 36.964, 36.628
4256, 36.983, 36.628
4257, 37.012, 36.628
4258, 37.003, 36.628
4259, 36.993, 36.621
4260, 36.970, 36.613
4261, 36.960, 36.613
4262, 36.970, 36.613
4263, 36.970, 36.613
4264, 36.980, 36.613
4265, 36.960, 36.613
4266, 36.960, 36.613
4267, 36.989, 36.613
4268, 36.980, 36.613
4269, 36.980, 36.613
4270, 36.970, 36.613
4271, 36.951, 36.613
4272, 36.970, 36.613
4273, 36.989, 36.613
4274, 36.970, 36.613
4275, 36.983, 36.621
4276, 36.983, 36.621
4277, 36.970, 36.613
4278, 36.989, 36.613
4279, 36.989, 36.613
4280, 36.980, 36.613
4281, 36.974, 36.621
4282, 36.983, 36.621
4283, 36.989, 36.613
4284, 36.980, 36.613
4285, 36.993, 36.621
4286, 37.003, 36.621
4287, 37.018, 36.613
4288, 37.009, 36.613
4289, 36.989, 36.613
4290, 36.989, 36.613
4291, 37.012, 36.621
4292, 37.003, 36.621
4293, 36.999, 36.613
4294, 36.999, 36.613
4295, 36.999, 36.613
4296, 37.009, 36.613
4297, 37.009, 36.613
4298, 36.970, 36.613
4299, 36.974, 36.621
4300, 36.974, 36.621
4301, 36.989, 36.613
4302, 36.999, 36.613
4303, 36.980, 36.613
4304, 36.989, 36.613
4305, 36.989, 36.613
4306, 36.960, 36.613
4307, 36.951, 36.613
4308, 36.980, 36.613
4309, 36.999, 36.613
4310, 36.999, 36.613
4311, 36.980, 36.613
4312, 36.980, 36.613
4313, 36.999, 36.613
4314, 36.989, 36.613
4315, 36.980, 36.606
4316, 36.980, 36.606
4317, 36.980, 36.613
4318, 36.980, 36.613
4319, 36.989, 36.613
4320, 36.989, 36.613
4321, 36.960, 36.613
4322, 36.951, 36.613
4323, 36.951, 36.606
4324, 36.989, 36.606
4325, 36.999, 36.613
4326, 36.980, 36.613
4327, 36.980, 36.613
4328, 36.999, 36.613
4329, 36.980, 36.613
4330, 36.980, 36.613
4331, 36.970, 36.606
4332, 36.938, 36.599
4333, 36.980, 36.606
4334, 36.989, 36.606
4335, 36.957, 36.599
4336, 36.957, 36.599
4337, 36.976, 36.599
4338, 36.957, 36.599
4339, 36.970, 36.606
4340, 36.980, 36.606
4341, 36.976, 36.599
4342, 36.986, 36.599
4343, 36.980, 36.606
4344, 36.989, 36.606
4345, 36.986, 36.599
4346, 36.966, 36.599
4347, 36.938, 36.599
4348, 36.947, 36.599
4349, 36.976, 36.599
4350, 36.957, 36.599
4351, 36.938, 36.599
4352, 36.957, 36.599
4353, 36.957, 36.599
4354, 36.947, 36.599
4355, 36.947, 36.599
4356, 36.957, 36.599
4357, 36.947, 36.599
4358, 36.986, 36.599
4359, 36.995, 36.599
4360, 36.966, 36.599
4361, 36.947, 36.599
4362, 36.976, 36.599
4363, 36.995, 36.599
4364, 36.957, 36.599
4365, 36.980, 36.606
4366, 37.009, 36.606
4367, 36.995, 36.599
4368, 36.966, 36.599
4369, 36.966, 36.599
4370, 36.995, 36.599
4371, 36.995, 36.599
4372, 36.976, 36.599
4373, 36.947, 36.599
4374, 36.938, 36.599
4375, 36.947, 36.592
4376, 36.947, 36.592
4377, 36.966, 36.592
4378, 36.976, 36.592
4379, 36.976, 36.592
4380, 36.976, 36.592
4381, 36.986, 36.599
4382, 36.995, 36.599
4383, 36.976, 36.599
4384, 36.976, 36.599
4385, 36.976, 36.592
4386, 36.953, 36.584
4387, 36.963, 36.584
4388, 36.963, 36.584
4389, 36.963, 36.584
4390, 36.953, 36.584
4391, 36.963, 36.584
4392, 36.963, 36.584
4393, 36.953, 36.584
4394, 36.963, 36.584
4395, 36.982, 36.584
4396, 36.992, 36.584
4397, 36.982, 36.584
4398, 36.944, 36.584
4399, 36.963, 36.584
4400, 36.972, 36.584
4401, 36.944, 36.584
4402, 36.953, 36.584
4403, 36.953, 36.584
4404, 36.953, 36.584
4405, 36.963, 36.584
4406, 36.963, 36.584
4407, 36.953, 36.577
4408, 36.944, 36.577
4409, 36.944, 36.577
4410, 36.921, 36.570
4411, 36.963, 36.577
4412, 36.972, 36.577
4413, 36.950, 36.570
4414, 36.959, 36.570
4415, 36.950, 36.570
4416, 36.921, 36.570
4417, 36.936, 36.563
4418, 36.946, 36.563
4419, 36.930, 36.570
4420, 36.940, 36.570
4421, 36.946, 36.563
4422, 36.946, 36.563
4423, 36.940, 36.570
4424, 36.921, 36.570
4425, 36.946, 36.563
4426, 36.946, 36.563
4427, 36.950, 36.570
4428, 36.940, 36.570
4429, 36.917, 36.563
4430, 36.927, 36.563
4431, 36.927, 36.563
4432, 36.917, 36.563
4433, 36.936, 36.563
4434, 36.936, 36.556
4435, 36.917, 36.556
4436, 36.927, 36.556
4437, 36.946, 36.556
4438, 36.956, 36.556
4439, 36.946, 36.556
4440, 36.927, 36.556
4441, 36.913, 36.548
4442, 36.923, 36.548
4443, 36.927, 36.556
4444, 36.936, 36.556
4445, 36.936, 36.556
4446, 36.936, 36.556
4447, 36.913, 36.548
4448, 36.894, 36.548
4449, 36.923, 36.548
4450, 36.933, 36.548
4451, 36.923, 36.548
4452, 36.923, 36.548
4453, 36.913, 36.548
4454, 36.913, 36.548
4455, 36.913, 36.548
4456, 36.933, 36.541
4457, 36.929, 36.534
4458, 36.910, 36.534
4459, 36.894, 36.541
4460, 36.884, 36.541
4461, 36.900, 36.534
4462, 36.910, 36.534
4463, 36.919, 36.534
4464, 36.919, 36.534
4465, 36.910, 36.534
4466, 36.910, 36.534
4467, 36.900, 36.534
4468, 36.900, 36.534
4469, 36.952, 36.541
4470, 36.933, 36.541
4471, 36.900, 36.534
4472, 36.919, 36.534
4473, 36.910, 36.534
4474, 36.910, 36.534
4475, 36.900, 36.534
4476, 36.910, 36.534
4477, 36.910, 36.534
4478, 36.910, 36.534
4479, 36.900, 36.534
4480, 36.900, 36.534
4481, 36.900, 36.534
4482, 36.910, 36.534
4483, 36.910, 36.534
4484, 36.891, 36.534
4485, 36.900, 36.534
4486, 36.910, 36.534
4487, 36.910, 36.534
4488, 36.900, 36.527
4489, 36.906, 36.520
4490, 36.910, 36.527
4491, 36.891, 36.534
4492, 36.891, 36.527
4493, 36.900, 36.527
4494, 36.900, 36.527
4495, 36.897, 36.520
4496, 36.910, 36.527
4497, 36.891, 36.534
4498, 36.900, 36.527
4499, 36.910, 36.527
4500, 36.891, 36.534
4501, 36.891, 36.534
4502, 36.910, 36.534
4503, 36.929, 36.534
4504, 36.919, 36.527
4505, 36.900, 36.527
4506, 36.881, 36.527
4507, 36.881, 36.527
4508, 36.910, 36.527
4509, 36.891, 36.527
4510, 36.891, 36.527
4511, 36.919, 36.527
4512, 36.910, 36.527
4513, 36.877, 36.520
4514, 36.897, 36.520
4515, 36.897, 36.520
4516, 36.887, 36.520
4517, 36.897, 36.520
4518, 36.887, 36.520
4519, 36.877, 36.520
4520, 36.897, 36.520
4521, 36.887, 36.520
4522, 36.858, 36.520
4523, 36.858, 36.520
4524, 36.868, 36.520
4525, 36.881, 36.527
4526, 36.891, 36.527
4527, 36.887, 36.520
4528, 36.848, 36.520
4529, 36.858, 36.520
4530, 36.877, 36.520
4531, 36.887, 36.520
4532, 36.906, 36.520
4533, 36.906, 36.520
4534, 36.916, 36.520
4535, 36.916, 36.520
4536, 36.906, 36.520
4537, 36.916, 36.512
4538, 36.906, 36.512
4539, 36.897, 36.520
4540, 36.897, 36.520
4541, 36.897, 36.512
4542, 36.897, 36.512
4543, 36.897, 36.512
4544, 36.858, 36.512
4545, 36.858, 36.520
4546, 36.906, 36.520
4547, 36.916, 36.520
4548, 36.887, 36.520
4549, 36.868, 36.512
4550, 36.887, 36.512
4551, 36.897, 36.512
4552, 36.887, 36.512
4553, 36.868, 36.520
4554, 36.868, 36.512
4555, 36.887, 36.512
4556, 36.897, 36.520
4557, 36.897, 36.520
4558, 36.877, 36.512
4559, 36.877, 36.512
4560, 36.887, 36.520
4561, 36.887, 36.512
4562, 36.877, 36.512
4563, 36.877, 36.520
4564, 36.897, 36.512
4565, 36.897, 36.512
4566, 36.897, 36.512
4567, 36.874, 36.505
4568, 36.864, 36.505
4569, 36.897, 36.512
4570, 36.897, 36.512
4571, 36.883, 36.505
4572, 36.864, 36.505
4573, 36.854, 36.505
4574, 36.874, 36.505
4575, 36.874, 36.505
4576, 36.874, 36.505
4577, 36.874, 36.505
4578, 36.874, 36.505
4579, 36.893, 36.505
4580, 36.874, 36.505
4581, 36.864, 36.505
4582, 36.845, 36.505
4583, 36.835, 36.505
4584, 36.874, 36.505
4585, 36.893, 36.505
4586, 36.864, 36.505
4587, 36.864, 36.505
4588, 36.883, 36.505
4589, 36.874, 36.505
4590, 36.874, 36.505
4591, 36.883, 36.505
4592, 36.893, 36.505
4593, 36.903, 36.505
4594, 36.874, 36.505
4595, 36.854, 36.505
4596, 36.864, 36.505
4597, 36.883, 36.498
4598, 36.893, 36.498
4599, 36.883, 36.505
4600, 36.903, 36.505
4601, 36.893, 36.505
4602, 36.864, 36.505
4603, 36.864, 36.505
4604, 36.854, 36.505
4605, 36.854, 36.505
4606, 36.883, 36.505
4607, 36.893, 36.505
4608, 36.874, 36.505
4609, 36.874, 36.505
4610, 36.874, 36.505
4611, 36.883, 36.505
4612, 36.883, 36.505
4613, 36.864, 36.505
4614, 36.883, 36.505
4615, 36.883, 36.505
4616, 36.874, 36.505
4617, 36.893, 36.505
4618, 36.893, 36.505
4619, 36.883, 36.505
4620, 36.893, 36.505
4621, 36.903, 36.498
4622, 36.903, 36.498
4623, 36.883, 36.498
4624, 36.870, 36.491
4625, 36.870, 36.491
4626, 36.860, 36.491
4627, 36.889, 36.491
4628, 36.889, 36.491
4629, 36.860, 36.491
4630, 36.860, 36.491
4631, 36.870, 36.491
4632, 36.870, 36.491
4633, 36.851, 36.491
4634, 36.851, 36.491
4635, 36.851, 36.491
4636, 36.860, 36.491
4637, 36.880, 36.491
4638, 36.870, 36.491
4639, 36.851, 36.491
4640, 36.880, 36.491
4641, 36.880, 36.491
4642, 36.880, 36.491
4643, 36.880, 36.491
4644, 36.860, 36.491
4645, 36.860, 36.491
4646, 36.870, 36.491
4647, 36.851, 36.491
4648, 36.851, 36.491
4649, 36.870, 36.491
4650, 36.860, 36.491
4651, 36.860, 36.491
4652, 36.860, 36.491
4653, 36.880, 36.491
4654, 36.889, 36.491
4655, 36.857, 36.483
4656, 36.857, 36.483
4657, 36.860, 36.491
4658, 36.870, 36.491
4659, 36.880, 36.491
4660, 36.860, 36.491
4661, 36.860, 36.491
4662, 36.860, 36.491
4663, 36.870, 36.491
4664, 36.899, 36.491
4665, 36.880, 36.491
4666, 36.889, 36.491
4667, 36.889, 36.491
4668, 36.851, 36.491
4669, 36.857, 36.483
4670, 36.886, 36.483
4671, 36.899, 36.491
4672, 36.909, 36.491
4673, 36.899, 36.491
4674, 36.889, 36.491
4675, 36.847, 36.483
4676, 36.837, 36.483
4677, 36.847, 36.483
4678, 36.857, 36.483
4679, 36.899, 36.491
4680, 36.889, 36.491
4681, 36.870, 36.491
4682, 36.870, 36.491
4683, 36.847, 36.483
4684, 36.818, 36.483
4685, 36.818, 36.483
4686, 36.847, 36.483
4687, 36.880, 36.491
4688, 36.889, 36.491
4689, 36.866, 36.483
4690, 36.857, 36.483
4691, 36.851, 36.491
4692, 36.870, 36.491
4693, 36.880, 36.491
4694, 36.880, 36.491
4695, 36.880, 36.491
4696, 36.860, 36.491
4697, 36.870, 36.491
4698, 36.870, 36.491
4699, 36.857, 36.483
4700, 36.857, 36.483
4701, 36.860, 36.491
4702, 36.860, 36.491
4703, 36.847, 36.483
4704, 36.847, 36.483
4705, 36.870, 36.491
4706, 36.870, 36.491
4707, 36.880, 36.491
4708, 36.880, 36.491
4709, 36.880, 36.491
4710, 36.880, 36.491
4711, 36.857, 36.483
4712, 36.866, 36.483
4713, 36.889, 36.491
4714, 36.880, 36.491
4715, 36.870, 36.491
4716, 36.860, 36.491
4717, 36.870, 36.491
